0,0.014079,0.023359,0.017977,0.017125,0.027813,0,0,0,0.015634,0,0.022151,0,0.0025758,0.0074304,0.0043136,0,0.041515,0.031722,0.003341,0.0010722,0,0.015853,0,0,0.048704,0.031804,0.016282,0.043168,0.0078591,0.040609,0.00832,0.038407,0.033067,0.04114,0,0.022634,0.037229,0.043473,0.031985,0.022998,0.020533,0.026921,0,0,0.0021819,0.021737,0,0,0.029691,0,0.013548,0.0064444,0,0.040677,0.019487,0,0.011511,0.022865,0,0.031388,0,0.009614,0.0092634,0,0,0,0.033558,0,0.036018,0,0,0.019499,0.020831,0.0042467,0,0.024262,0.0062432,0,0.068572,0,0,0.015838,0,0,0.0096675,0.020743,0.017638,0.037842,0.046821,0.039486,0,0,0.024525,0.017543,0.037957,0.043595,0.0036177,0.0021584,0.02312,0.021405,0.01601,0.012344,0,0.03789,0,0,0.046658,0.045887,0.01682,0,0,0.034152,0.025614,0.047463,0,0.012892,0,0,0.013627,0,0,0.023794,0,0.031139,0,0,0.013591,0,0.036781,0.017227,0,0.046644,0,0.00078903,0.026159,0.048317,0.029374,0,0.023335,0.073317,0,0,0.027006,0,0.0081144,0,0.013769,0.011473,0,0.022646,0,0.0029619,0,0.0068326,0.0051716,0.01772,0.031112,0,0,0,0,0.035361,0,0,0.038589,0.024448,0,0.0028795,0,0.0077502,0.0027403,0,0,0.04421,0.0015713,0.022654,0.0026082,0.016743,0,0,0,0.048077,0,0.0027951,0.011348,0,0.019493,0,0.00051778,0,0.021707,0.036086,0.004807,0.036755,0.045855,0.0055006,0.036218,0.006285,0.0025866
0,0.013965,0.0050357,0,0.030339,0.018841,0,0,0.013484,0.016842,0,0,0,0.033671,0.0073834,0,0.022992,0,0.022954,0.012072,0.010051,0.0434,0,0.027944,0.03632,0,0.0034905,0,0.0070438,0,0.029899,0.0047236,0,0,0.010949,0.047536,0.049506,0.046807,0.011947,0.023552,0,0,0.02953,0,0,0.026179,0,0,0.032048,0.016469,0,0,0,0,0,0,0.0054178,0,0,0,0,0,0.016122,0,0,0,0.027662,0.013038,0,0,0,0.0064427,0,0,0.039293,0,0,0.0021949,0.015407,0.020752,0.028126,0.057825,0.03336,0.043771,0.032015,0.02121,0.00050779,0.023002,0,0.018273,0.0011451,0.0020678,0.04026,0.033099,0,0.034454,0,0.039562,0,0.025319,0.033629,0,0,0,0.030232,0.01586,0,0.023629,0.045014,0.013848,0.037639,0.048189,0,0.018302,0,0,0.00032326,0,0,0.012387,0.039665,0.01255,0,0.023431,0.029185,0,0.029741,0.032497,0.034992,0,0,0.040065,0,0.015011,0.02121,0.038732,0.0041707,0.023589,0.021013,0,0,0.02949,0,0.042553,0.015196,0,0.026088,0.0084104,0,0,0.047932,0.07701,0,0,0.033065,0,0.012783,0.033862,0.01408,0.027654,0.031055,0.0057632,0.013062,0,0.038911,0.054598,0,0.031269,0.03459,0,0,0.030914,0.010191,0.034499,0.010097,0.019615,0,0,0,0,0.031852,0.014287,0,0,0.04702,0,0.018694,0,0.039552,0,0.035839,0.012536,0,0.020162,0.020118,0,0,0,0,0.018101
0.022972,0,0.018846,0.041207,0.020436,0.031663,0.02755,0.041193,0.018056,0.02435,0.023615,0.051595,0.030511,0.00030685,0.00044701,0,0,0,0,0,0,0.011972,0.020031,0,0.027589,0.035241,0,0.0073199,0.018238,0.035356,0,0.0034898,0.043934,0,0.0016431,0,0.028726,0.020823,0.019308,0.044033,0.078631,0.026658,0.039184,0.013771,0.037195,0.036066,0.019126,0,0.061843,0,0.016614,0.029802,0,0.0087124,0,0,0.015462,0.020655,0,0.035062,0.033164,0.0037116,0.027411,0.016027,0.02194,0.022202,0.06207,0.029801,0.030353,0.021068,0.047001,0.01347,0,0,0.030865,0.028006,0.043337,0.027399,0.0010669,0.019499,0,0,0.02848,0,0.0049652,0,0.0079996,0,0.012756,0.04784,0,0.024633,0,0.034223,0,0.018856,0,0.047898,0.00077711,0.012091,0.012883,0.011619,0.03286,0.023412,0,0,0.0019597,0.028843,0,0.024852,0.0038207,0.044506,0.0079141,0.0077574,0.0048966,0,0,0.040415,0.0066546,0,0.025475,0,0,0,0.016378,0,0,0.007952,0,0,0.016883,0.03522,0.0095915,0.0020244,0.0304,0.0284,0,0,0.041919,0,0,0,0,0,0,0.0091673,0.03507,0.0088979,0.0046981,0,0.018514,0.016158,0.03736,0,0,0.044321,0.0099742,0.057331,0.02609,0.0077967,0.033813,0.017235,0.0023003,0.035874,0.0052464,0,0.032377,0.013795,0.021456,0.022561,0.028668,0,0,0.027849,0,0.031047,0.0029842,0.020527,0.037755,0,0,0.018238,0,0.052003,0,0,0.02065,0,0.02373,0.052588,0,0.038087,0.0082956,0.0088576,0,0.048013,0.0061533,0,0.049355,0.034555
0.047918,0,0,0.024626,0.022386,0.022566,0.0074391,0.001826,0.042437,0,0.022322,0.014529,0,0.033774,0.0067744,0,0,0.031426,0.065747,0,0.013648,0.026815,0,0.045689,0.002301,0,0.020243,0,0,0,0,0,0.025949,0.023803,0.037537,0.035369,0,0,0,0,0,0,0.0080167,0.035392,0.021996,0.009083,0.037765,0.033755,0,0.030951,0.01985,0,0.016473,0.045565,0.0093348,0.0294,0.015363,3.6295e-05,0.016114,0,0,0.050181,0.031526,0,0.015883,0,0,0.036449,0.049881,0.0008216,0,0,0,0,0.0026113,0,0.017825,0.0067872,0,0,0.014595,0,0.027674,0.044364,0,0,0.023083,0,0.036723,0.0020443,0,0,0.013724,0.018632,0.033843,0.035899,0.013302,0,0.047256,0,0.0080465,0.036859,0.019725,0,0.017222,0.01901,0.0042622,0,0,0,0,0,0,0,0.024856,0,0,0.012849,0,0.0024816,0,0,0.0045985,0,0,0.0096958,0.024622,0.022482,0.033766,0,0.031629,0.033635,0.025271,0,0.0012192,0.04581,0.039955,0,0.0061247,0.035732,0,0.025671,0.03211,0.020152,0,0.042615,0,0.0088844,0.034017,0.013361,0.045923,0,0.010658,0.016961,0.010489,0.031284,0.018446,0.011481,0.038863,0,0,0.049897,0.035734,0.037748,0,0.010547,0,0.019,0,0.044522,0.030849,0.021586,0,0.017062,0.027915,0.03105,0.018102,0.040018,0.0001118,0,0.05074,0,0.0058907,0.012416,0.0093695,0,0.011835,0.050214,0.019913,0,0,0,0.036435,0,0.029634,0.020217,0.019891,0,0,0.012633
0.0048976,0,0.050081,0.010082,0.024594,0.020734,0.014699,0,0,0,0.011245,0.024156,0.036483,0,0.055589,0.022821,0,0.016609,0.067379,0.040207,0.02158,0.031937,0.0029694,0.00080092,0,0.0030952,0.0044132,0.033229,0.044009,0.064362,0.044771,0.039871,0.013981,0,0.058151,0,0,0.024736,0.0094163,0.041729,0,0.017025,0.0025955,0,0.030093,0,0,0.034395,0,0.0081934,0.039277,0,0,0.037477,0.017253,0.0094439,0.0045229,0.050303,0.014429,0.028982,0.0036704,0,0,0.0052012,0,0.037327,0.028884,0,0.036838,0.0092149,0.00020551,0.050496,0.0014701,0,0.022205,0.0052077,0.032419,0.028462,0,0.0458,0.038904,0.042207,0.013795,0.060788,0.037017,0.023047,0,0.058337,0.026329,0.059441,0,0.061952,0.010152,0.037487,0.0011797,0.0048391,0.038918,0,0.0093142,0,0.039319,0.016004,0.013501,0.019601,0.0036235,0.026831,0.017765,0.020377,0.056867,0.0067117,0.037556,0.0031703,0,0.016685,0,0.057726,0,0.0015679,0,0,0,0,0,0.033202,0.0096522,0.033934,0,0.036436,0,0.035519,0,0,0,0.027602,0.032467,0.020718,0.0063092,0,0,0,0.00029348,0,0.026548,0.031992,0.017973,0.028983,0,0.010314,0,0.041301,0.018198,0,0.051544,0,0,0,0.034838,0,0.027595,0.016381,0.048274,0.02775,0.0084396,0,0.019927,0.044538,0.038423,0,0.02013,0.017981,0.041369,0.019143,0.010567,0.022491,0.036601,0.032205,0,0,0.034313,0.024465,0.0099403,0,0.0058891,0,0.023421,0.0064605,0.014818,0,0.015596,0,0.02137,0.054909,0.011209,0.054191,0.045742,0.0021891,0.024603,0,0,0
0.055158,0.044041,0.0090261,0.017588,0.010252,0,0,0,0.0087688,0,0,0.04896,0,0,0.053108,0,0.005448,0.031519,0,0.0060517,0.058187,0,0,0,0,0.021792,0.00016785,0.027466,0.022551,0.025174,0.036819,0.00126,0.023986,0.00052351,0,0,0.043451,0.037917,0.02811,0,0,0.050579,0.039662,0.042541,0,0.0034335,0.017115,0.010914,0,0.043472,0.023558,0.0076192,0.04054,0.0056003,0,0.053933,0.048799,0.01498,0.031325,0.028018,0,0.023909,0,0.019862,0.055834,0.043214,0.03611,0.055505,0.048802,0.0099343,0,0,0.017165,0,0.020518,0.038338,0.042258,0.02306,0,0.034135,0.014781,0.0042943,0,0.033801,0.021257,0.036091,0.029694,0,0.016527,0.006368,0.050557,0.012471,0.039169,0.005999,0.019468,0.010838,0.031606,0.021902,0,0.011901,0,0.035403,0.026153,0.02783,0.027746,0.020316,0.042236,0,0.028248,0.0357,0.043788,0.017317,0.031321,0,0.0071834,0,0.019164,0.035363,0.024424,0.027874,0.0090474,0,0.034604,0.027439,0,0,0.019801,0.02943,0.021,0.028683,0.027952,0,0.0026733,0.02417,0,0,0,0,0.028369,0.011639,0,0.0071875,0,0.043943,0.0013748,0.01651,0,0,0.0021738,0.0057467,0,0.0017568,0.054514,0.017873,0,0.0014115,0.021097,0,0.024561,0.030418,0.00064659,0.0081678,0.002737,0.031733,0.048164,0.026597,0.013427,0.0028425,0.02592,0,0,0,0.014604,0.025935,0,0.041518,0,0.034853,0.002705,0.025712,0.0024641,0.024148,0.014283,0.0066209,0.01603,0.0084768,0.037973,0.045801,0.030376,0,0.048963,0,0.03508,0,0.039189,0,0.050793,0,0.0099846,0.015449
0.021133,0.0047562,0.023361,0,0,0.033399,0.014706,0.0025195,0,0.017224,0.0099437,0.040542,0.019233,0.037555,0.027843,0.049077,0.0048045,0.023808,0.036485,0,0.007017,0.040746,0,0.023631,0.0036419,0.0057265,0,0.0021845,0.03258,0.02057,0,0.015746,0.015381,0,0.030545,0.036941,0.032747,0.0095363,0.014994,0.0063511,0.051296,0.010011,0.021538,0.036206,0,0.01175,0.042933,0.019156,0,0.0054548,0.04403,0,0,0.0079205,0.011692,0.039878,0.02497,0.05497,0,0.0031457,0,0.016365,0,0.02481,0,0.053106,0.005423,0,0,0.045158,0.025253,0.041434,0.01374,0.033383,0.019801,0.0097809,0,0.013791,0.015635,0,0,0,0.0080494,0.014688,0.020274,0.041821,0.013002,0,0.025388,0.044593,0.040204,0.026498,0.016616,0.0030718,0.031424,9.6136e-05,0,0.062661,0.01753,0,0.010129,0.016742,0.042211,0.039926,0.0022633,0.03086,0,0.032174,0,0,0.031446,0.032702,0.027134,0,0.03522,0,0.039054,0,0.020507,0,0.031421,0,0.029926,0.023728,0,0,0,0.043733,0.03686,0.045842,0,0.048532,0.0077549,0.033385,0,0,0.039278,0.020192,0,0.0094791,0,0.015805,0,0.026015,0.051665,0,0.013674,0,0,0.013186,0.024698,0.0039316,0,0.0020305,0,0.025159,0,0.054074,0.028589,0,0.021622,0.013761,0.041291,0,0,0.028392,0,0.011415,0,0.028215,0,0,0,0.055698,0,0,0,0,0,0.047288,0,0,0.0025182,0.037719,0.0023568,0.020046,0.0128,0,0.0064723,0.044422,0.014466,0,0.01727,0,0.026796,0,0,0,0,0.025104
0.019336,0.0054666,0.028614,0,0,0.0073441,0.0020981,0.036957,0,0.028226,0.008447,0,0.028304,0.013296,0,0.032447,0,0.0068852,0.039667,0.0071144,0.01819,0.030764,0,0,0.025372,0.006503,0,0.036049,0.032216,0.068486,0.0031775,0.022811,0,0.023272,0,0.033688,0,0.022321,9.9086e-05,0.027186,0.039222,0.051242,0,0,0.033584,0.031696,0.012607,0.039705,0,0.010104,0,0.037332,0.017252,0.029101,0,0.017728,0.028361,0,0.04782,0.012935,0,0.010872,0.024754,0,0.041495,0.022258,0.032737,0.047968,0,0.011286,0.017684,0.036384,0.039566,0,0,0.038448,0.026435,0.040539,0.020589,0,0,0.028389,0,0.0099641,0.028894,0.013126,0.023761,0.031361,0.024193,0.027259,0.026245,0.017721,0.036518,0.034748,0.021078,0.0029601,0.00016197,0.0082184,0.0064699,0.042172,0.02891,0,0.0088836,0,0.019925,0.026484,0,0.0049039,0,0.029429,0,0,0.017844,0.0051903,0.0093179,0.00021399,0,0,0,0,0.011515,0,0.01959,0,0,0.008419,0.037631,0.028219,0.010268,0.0038349,0.017175,0,0.034149,0.015943,0.028498,0.018872,0,0,0,0.030478,0.021169,0.021377,0.038032,0.044367,0.021652,0.018965,0.057492,0.0056177,0.03929,0.015836,0.021225,0,0,0.022726,0,0.044375,0,0,0.0313,0.0018018,0,0,0.013417,0.034123,0.036459,0.0017076,0.012161,0.030645,0,0,0.01255,0.0058781,0,0,0,0.023226,0,0.035612,0,0.0024483,0.019646,0,0.0267,0,0.022554,0,0.018643,0,0.019911,0.051064,0.051019,0.026899,0,0.021827,0.031324,0,0,0.011772,0,0.0046469
0,0.041403,0,0.032321,0.031757,0.017443,0,0,0.044236,0,0.017029,0.02335,0,0.032713,0.042633,0,0.044202,0.0082454,0,0,0.032374,0.017838,0,0.020333,0.020547,0.024355,0.031595,0.019496,0,0.021518,0.02756,0,0.014724,0.024547,0.030935,0,0.016191,0,0.021157,0,0.0062208,0.0037671,0,0.024395,0,0,0.043504,0.02224,0,0,0.03166,0,0.045926,0.018318,0,0,0.020998,0.0088586,0.0018412,0,0.040742,0.063134,0.055881,0,0.0028947,0.007694,0.020613,0.027563,0,0.037512,0,0.00049189,0,0,0,0,0.0054338,0.017207,0.0042449,0.033439,0.040554,0,0.022929,0.01389,0.020762,0.036734,0.02598,0,0.028147,0,0.0054386,0.0035971,0.01274,0.013418,0.0061199,0.026282,0.038462,0.014147,0.0044817,0.051507,0,0.037294,0,0.057453,0.0096509,0,0.0048939,0,0.024222,0,0.028695,0,0,0.006367,0.031414,0.020294,0.019366,0.047372,0,0,0.024934,0.008529,0,0.059486,0.025843,0.00044815,0.031128,0.025789,0,0.048467,0.027567,0,0,0.015904,0,0,0,0.028516,0.0055992,0.0042064,0,0.022656,0.029613,0,0.021274,0.030165,0.010604,0.012552,0.035679,0.046519,0.0017509,0,0,0.065356,0.030429,0.0051608,0.026317,0,0.034118,0.024598,0.0070849,0.035651,0.02293,0,0.019358,0.046993,0,0.028133,0.036989,0.052993,0,0.019834,0.0024461,0,0.044487,0.033619,0,0.021459,0.00011554,0.0084883,0.036757,0,0,0.019475,0.051949,0,0,0.011544,0.052694,0.0098566,0,0,0.041691,0,0.03203,0,0.025265,0,0.03173,0.015024
0.0045372,0.02074,0,0.010515,0,0.019578,0.012397,0.0061474,0.036034,0.023693,0.041015,0.0052136,0.03459,0.038064,0.035265,0.016263,0,0,0.026868,0,0.041379,0.005704,0.034821,0,0.049973,0,0.027924,0.010279,0.028019,0,0.028873,0.025707,0,0.027197,0.030502,0,0,0.0056521,0,0,0.0059611,0.04234,0.02214,0,0,0,0,0.0073606,0,0.034867,0.024848,0,0,0.0052555,0,0.020898,0.00078417,0,0.0046917,0.0044456,0.0066762,0,0,0,0,0,0,0.0026783,0.017839,0.037676,0.0116,0.035807,0.023973,0,0,0.025086,0.0077859,0,0.0073413,0.023664,0,0.039622,0.037108,0.041529,0.014214,0.024851,0.0086294,0.018322,0.041791,0.039897,0.038507,0,0.015798,0.00052028,0,0.011507,0,0.0067352,0,0.018694,0,0.017291,0.051317,0,0,0.0087462,0.034994,0.050193,0,0.037038,0.019509,0.011462,0,0.043905,0.034919,0,0.0019017,0.033693,0.01605,0.0318,0.032206,0.017809,0.011531,0,0.020562,0.023812,0,0.042694,0,0.051998,0.057363,0.049611,0,0,0.04068,0.0028132,0.044395,0.021632,0.0074786,0,0.010317,0.023538,0.011517,0,0.012226,0.044506,0.022013,0.0089716,0.035141,0.046805,0,0,0,0.025913,0.01399,0,0.00081988,0,0,0.029227,0,0.020839,0.0025151,0.033197,0.040951,0,0,0.013561,0.037923,0,0.045818,0.041306,0.016838,0.014551,0.0039228,0.0020777,0.012861,0.044582,0.06121,0.00015825,0.029254,0.044717,0.032036,0,0,0.02323,0.018891,0.018061,0,0,0,0.012189,0,0,0.060952,0.0096763,0.022914,0.048193,0.020165,0.030466
0.027797,0,0,0.023629,0.051777,0.018363,0,0.0072897,0.0044269,0.0095079,0.01781,0.035931,0.026016,0.01094,0.038893,0.022599,0.044064,0.028149,0.052138,0.017245,0,0.0056929,0,0.012528,0,0.033086,0.023273,0.027681,0,0.047169,0,0.015118,0,0.02242,0.040122,0.035462,0,0.049047,0.018778,0.014688,0,0.010599,0.0092567,0.0075794,0,0.011028,0,0.0087797,0.02225,0.026026,0,0,0,0.0010227,0,0.023393,0.030834,0.017425,0.040062,0.019657,0.019702,0.0039061,0.0032372,0.022717,0.0035823,0.019755,0,0.01854,0,0.033172,0,0.036775,0.00083253,0,0.035196,0.022931,0.020979,0.036061,0.00050769,0,0,0.034791,0.030407,0.005222,0.014412,0,0.032736,0.015115,0,0.040136,0,0,0.030738,0.0052061,0,0.024188,0.027009,0,0.00082596,0.01915,0,0.0224,0.0011257,0.008551,0.0061026,0.01571,0.0096224,0.047303,0.024723,0.014649,0.056267,0,0.0059138,0.029025,0.024147,0.014897,0.050563,0,0.016643,0.036497,0.054861,0.037888,0,0.021887,0.010968,0.030983,0.0020722,0.034386,0.002047,0.030247,0.024871,0,0.032602,0.018141,0.020054,0.048839,0.030425,0.006008,0.012347,0.036052,0,0.044378,0.027213,0,0.013532,0.021036,0.01856,0.033532,0,0.046364,0.014941,0,0,0.012038,0,0,0.027147,0.024439,0,0.03512,0,0,0.038727,0.047302,0.0051508,0.014951,0.00029173,0.015558,0,0.036357,0.018683,0.0050688,0.035157,0,0.012414,0.029637,0.046065,0.028904,0.017277,0,0,0,0,0.0047286,0.030585,0.015536,0.026258,0,0,0,0.010398,0.012866,0.032345,0,0.017976,0.020727,0.00023972,0.0066359,0.0091819,0.029285
0.037613,0.0089304,0.012999,0.013148,0.041598,0,0,0,0,0.059387,0.027674,0.011714,0,0.045701,0,0,0,0.043876,0,0.039401,0,0.020778,0.0073706,0,0.023749,0.014602,0.055515,0.032744,0.033656,0,0.014517,0.018605,0.028716,0.034308,0,0.0028926,0.0034066,0.0035748,0.01683,0.0044101,0.005096,0.0067308,0.01375,0.034504,0,0,0.041615,0.044216,0.038117,0,0.006827,0.034025,0.0084566,0.024937,0.034055,0.052392,0,0,0.028748,0.0039309,0.0046995,0,0,0.027175,0.048384,0,0.050866,0.04519,0.020713,0.0051208,0,0.020545,0,0.023588,0.01773,0,0,0.0071085,0,0.031108,0.041366,0,0.0048927,0,0.031588,0.042247,0.036585,0.024418,0,0,0.030966,0,0,0.0028167,0.025249,0,0.010545,0,0.038103,0.04324,0,0,0.023527,0.049745,0.015809,0,0.031984,0.030684,0,0.058587,0.058556,0.026548,0.0036939,0.023523,0.030628,0.026378,0,0.04009,0.0018954,0.044152,0.051533,0,0.0051419,0,0.051991,0.0086428,0,0.00259,0,0.0050423,0,0.032902,0,0.023561,0.024496,0,0.033313,0.02182,0.0030045,0.013522,0,0.041163,0.01744,0,0,0.025615,0,0.046291,0,0.01875,0.051733,0.020451,0,0.038306,0,0.047063,0.033253,0.044424,0,0.012323,0,0.014511,0.022069,0.017193,0.0023033,0,0.00026799,0.022231,0.027174,0.00098343,0.011249,0,0,0,0.01554,0.016568,0.026471,0.00044707,0.037992,0.040311,0,0,0.042806,0,0.065365,0.024903,0.021667,0.022391,0.0046997,0.0092735,0,0.0064565,0.010132,0,0.021135,0.052122,0,0,0.0038319,0.013943
0.0053974,0.011737,0.017042,0.00018695,0.0348,0.028883,0.013751,0.060654,0.0026532,0.054057,0,0.012739,0,0,0.0054552,0.0012305,0.048266,0.02089,0.016757,0.015883,0,0.013942,0,0.03943,0.044358,0.01989,0,0,0,0,0,0,0.057217,0,0.011872,0,0.0033502,0.025641,0.017404,0,0.01926,0.054682,0.012861,0.0075284,0,0,0.022648,0.033226,0.03214,0.045577,0.0068697,0,0,0,0,0.0095216,0.0050538,0,0,0.0019215,0,0,0,0.040454,0,0.028143,0,0.050368,0,0.042104,0.039389,0.03362,0.043379,0,0.00015749,0.0454,0,0,0.023052,0,0.038293,0.042533,0.02646,0.028712,0.041137,0.036334,0,0.018048,0.036568,0.037099,0.013,0,0.015279,0.011172,0,0.014045,0,0,0.013071,0,0.022725,0,0,0,0.032456,0,0.042411,0.048615,0,0.01331,0,0.034338,0.032314,0,0.031769,0,0,0.0055964,0.03985,0.002094,0.018215,0.036531,0.034017,0.0020907,0,0.032278,0.058347,0,0,0.012215,0.010999,0.045318,0.0039774,0,0.0064362,0.0013572,0,0,0.0037038,0.054171,0.047024,0.01825,0,0.0080819,0,0.0019152,0.072519,0.001102,0.026386,0.049381,0.013239,0.016641,0.034204,0.038627,0,0.059965,0.0072811,0.046689,0.034875,0.0038466,0.018538,0.045991,0.030959,0,0.029815,0.013401,0.010901,0,0.033084,0.044753,0.040493,0.025081,0,0.048304,0,0,0,0.0023685,0.057392,0.010622,0.0093674,0.048623,0.059515,0.009846,0.045462,0.031889,0.0058855,0.040466,0.015086,0.035367,0.0011095,0.017236,0,0.032853,0,0.029352,0.038288,0,0,0
0.033768,0.0020298,0,0.028729,0,0.005615,0.014934,0.017981,0.030225,0.010757,0,0.054618,0.04328,0.042013,0.017924,0.027843,0,0,0,0,0.046512,0.029296,0.010937,0,0.039548,0.032726,0,0,0.0012962,0.015056,0,0,0,0,0.0028453,0.053694,0.03273,0.038184,0,0,0,0.0024574,0,0.0021902,0.021021,0.0073624,0.035723,0,0.031527,0,0.026462,0,0.054872,0.045837,0,0.019014,0.027625,0.050883,0,0.0026872,0.030211,0.014476,0,0.020055,0.018088,0.015939,0,0,0.0060547,0.0056095,0.050003,0,0,0,0,0,0.064106,0.030228,0.04023,0.0032362,0.0083063,0,0.050173,0.029053,0,0.023816,0.0090907,0,0.029052,0.026141,0.065599,0,0.019596,0,0.039697,0,0,0.010332,0.0394,0.0033804,0.011082,0.023472,0.0038075,0.04872,0,0.0079242,0.053271,0,0.027861,0.021246,3.4125e-05,0.019733,0,0,0.0047605,0,0.020013,0,0.023239,0.015315,0.03916,0.046619,0.044067,0,0.035908,0.0035841,0.023475,0.0012999,0.010154,0.027029,0,0,0,0.0022942,0,0,0.012056,0.032489,0.0045507,0,0,0,0.0042262,0.029419,0.0093228,0.033514,0.0068798,0.032475,0.016166,0.026854,0.025605,0.017642,0,0.025808,0.04401,0.037485,0,0,0.013316,0.00020433,0.046259,0.0323,0.014077,0,0.010533,0.036173,0.05109,0,0.0088796,0,0,0,0.010102,0.03558,0.024723,0,0,0.037285,0,0.011344,0.016023,0,0.017728,0.0095527,0,0,0.021191,0.042723,0.011096,0.0044975,0.0052622,0.033976,0.035763,0,0,0,0.020956,0.063818,0.010641,0.034587
0.035593,0.048079,0.024493,0.0025379,0,0,0.05151,0.0019858,0.0075687,0.052482,0.010177,0,0.037025,0.025352,0,0.031872,0,0.0097328,0,0.0039924,0.045875,0.0151,0.0018344,0.0012286,0.0039536,0.0095131,0.0080984,0,0,0,0,0.012244,0.057243,0,0,0,0.049215,0.045297,0,0.043077,0.011304,0,0,0.002403,0,0,0,0.022068,0.048202,0.014182,0,0.015292,0,0.0060039,0.015632,0.0015649,0.034187,0.043723,0.015744,0,0.031305,0.038264,0.012081,0.063962,0.031718,0.035553,0,0,0,0.0042801,0.013997,0.016647,0,0,0.029873,0.034222,0,0,0.0016399,0,0.014768,0.026379,0,0.037764,0.00722,0,0.039414,0.026568,0.038799,0.039315,0,0.013033,0.034785,0.02874,0.074443,0.035579,0.01446,0,0,0.023398,0.030078,0,0.045429,0.039328,0.038395,0.012107,0.050467,0,0.041981,0,0,0.009625,0.049111,0.016238,0.024846,0,0.031815,0.028848,0,0.0052276,0.003472,0.023966,0,0.064118,0.01143,0.022259,0.011636,0.017048,0.0018032,0.032207,0.048051,0,0.012703,0,0,0.014089,0.042349,0.010753,0,0,0.0026983,0,0,0.021966,0,0.028412,0.001913,0.02408,0,0.0027836,0.033701,0.02433,0.042541,0.031884,0.018419,0,0.007754,0.041724,0.051728,0,0.037565,0.0040927,0,0.0089255,0.04841,0,0,0.010507,0.033466,0.034748,0.048729,0.014867,0.012892,0,0.037,0.0069035,0.01405,0.0010984,0,0,0.031023,0.032779,0,0.0072057,0,0.004762,0.0063462,0.048213,0.026537,0.021332,0.043994,0,0.044048,0.008901,0.037877,0.012494,0.0079923,0.0061374,0,0.019147
0.030334,0.016224,0.0039616,0.040868,0,0.035799,0,0,0.022837,0,0.044576,0.028845,0.051015,0.040577,0,0.0028498,0.024465,0,0.014864,0.0039104,0.055803,0.02942,0.031674,0.06696,0,0.032466,0.04681,0.019596,0.044628,0.053798,0.021007,0,0,0.035281,0,0,0.029909,0,0,0,0,0.01709,0,0.017779,0.0108,0.024561,0,0.00035973,0.04673,0.0024825,0.038175,0,0.026037,0.039811,0.029285,0,0.013493,0,0.00038191,0.010969,0,0.022728,0.026432,0,0,0,0.0078859,0,0,0,0.044171,0.039573,0.028835,0,0.0085346,0,0,0.012338,0.017418,0.03373,0,0.033798,0,0.017969,0,0.021787,0.037076,0.028086,0,0.0040557,0,0,0.00094732,0.02214,0.00060839,0.0085781,0.046506,0,0.031625,0,0,0.015055,0.045701,0.0026084,0.028835,0.0038655,0,0.014538,0,0.025079,0,0,0,0.040305,0,0,0.034527,0.01031,0.0081308,0,0.010244,0.027078,0.0084675,0.032464,0.023663,0.030143,0.042042,0,0.034601,0.035574,0.044615,0.029128,0,0,0.007096,0.01685,0.0099025,0.030506,0.032564,0,0.053765,0.0065254,0.00073321,0,0.030853,0.015553,0.016108,0.033655,0,0.016972,0.011768,0.041309,0.0098345,0.026055,0.011813,0,0,0.025724,0.042556,0.012395,0.034428,0.022959,0.03511,0,0,0.0065233,0.034441,0.02422,0.010795,0,0.037702,0,0.0069743,0.012271,0.0011551,0.025413,0.054834,0.010538,0,0.014829,0.030808,0,0,0,0.040773,0.028618,0,0.052444,0.051492,0.032241,0.03071,0,0.0078187,0.014238,0.017476,0,0.034911,0,0,0.010321
0.0096653,0.01511,0.013222,0.031728,0,0.017902,0.017626,0,0,0.017963,0.043012,0,0,0.021526,0.020567,0.019719,0.026674,0,0,0.037372,0.0054243,0,0,0,0,0.031149,0,0.00043297,0,0.020077,0,0.033675,0.016329,0.050285,0,0.03904,0.026578,0.0059077,0.0021648,0.04136,0,0,0.0094181,0.0065926,0.039519,0,0,0,0.037558,0.042184,0.01177,0.010535,0.021125,0.031188,0.0090474,0.031671,0,0.029671,0.030632,0.038451,0.014131,0.0071129,0.016374,0,0,0.037696,0,0.020682,0.041989,0.029651,0.036355,0.0083717,0.0034789,0.041812,0.020621,0,0.038376,0.035654,0,0.043282,0.044153,0,0.013012,0.0066203,0.023385,0.027074,0.0080469,0,0.017312,0.040536,0.030151,0.02114,0.016812,0.019074,0,0,0,0,0,0.046628,0.022738,0.038498,0,0,0,0,0.016576,0,0,0.037019,0.042225,0.01976,0.029171,0.035368,0.017292,0.051577,0.035591,0.024531,0.036691,0.021317,0.038581,0,0.032205,0.027559,0,0.010691,0,0.018508,0,0,0,0,0.0056973,0.0032192,0.042787,0.0090794,0,0.024744,0.023309,0,0,0.016306,0.042169,0,0.0051926,0.029936,0.039121,0.0047387,0,0.012286,0.038868,0.002357,0,0,0.015709,0.014696,0.030207,0.026675,0.011943,0.022696,0.021903,0,0,0.0021482,0.019519,0,0.043537,0.023188,0,0,0.047316,0.022221,0,0.017358,0.028079,0.040109,0.046958,0.017601,0.039783,0,0,0,0,0.032677,0.016697,0.015163,0.022392,0.03998,0,0,0.027147,0.0086615,0,0.044679,0.0019449,0,0.00397,0,0.02004,0.024374
0,0,0.048788,0,0.010266,0.030491,0,0.027261,0.0047829,0.0079895,0.043685,0.026133,0,0.0044764,0.053127,0.022857,0.033187,0.022886,0,0.033971,0,0.026959,0.010028,0.037727,0,0.00028152,0,0.056924,0,0,0.010928,0.032451,0,0.035638,0,0,0.041335,0.027475,0.036561,0,0,0.013585,0.037244,0,0.04247,0.015957,0.018958,0.038196,0.023035,0.042918,0.016763,0.026388,0.054288,0.041226,0,0,0,0.03899,0,0.022616,0,0.026942,0,0.012041,0.011055,0.025135,0,0.013033,0.00053459,0.021275,0.035565,0.010702,0.015109,0.026749,0.0083766,0.040269,0.0036025,0.035321,0,0.022381,0,0.018004,0.018048,0,0.022306,0.012581,0.029487,0,0.0017818,0.011551,0,0,0,0.00040052,0,0,0.049032,0.017136,0.049602,0.0059091,0,0,0.025963,0.026642,0.025366,0.031554,0.02774,0,0.043153,0.013772,0.00035086,0.025866,0.015929,0.0010694,0.012024,0,0.018078,0.025164,0.014524,0,0.041213,0.043591,0.036715,0,0.04432,0.0081439,0.033413,0.031132,0.051228,0,0.014929,0.014065,0.032787,0.012946,0,0,0,0.03015,0.007311,0.020764,0.014626,0.030646,0.031625,0.045294,0,0.040228,0,0.0071868,0,0.0050698,0,0.020202,0.065411,0,0.035124,0,0.043373,0,0,0.041878,0,0.0209,0.012841,0.027061,0,0.027702,0,0.029083,0.012337,0.050924,0.0051761,0.058088,0.0033121,0.0034927,0,0,0.056872,0.015788,0,0.02033,0,0,0.039462,0.024802,0.041096,0.025291,0.027153,0,0.018263,0,0.067021,0.053642,0,0,0.0048258,0,0.019951,0.037668,4.3766e-05,0.02584
0,0.053948,0.0087622,0.009062,0,0.011676,0.018158,0.023167,0.0026162,0.0039683,0,0,0.050201,0.0095652,0,0.025046,0.0022541,0,0.041151,0,0.011413,0,0.02915,0.01742,0.02528,0.013968,0.012467,0.050233,0.0029882,0,0.011389,0.030844,0.016622,0.052154,0.0020329,0.0052559,0,0.031338,0,0.0092773,0,0,0.015721,0.019673,0.044714,0.068946,0.035418,0,0,0.0044226,0.017063,0.0063377,0.028144,0.0085315,0.033051,0.028315,0,0.026067,0,0.022623,0.018598,0.031528,0.0068364,0,0.041491,0.050174,0.03627,0,0.036582,0.02623,0,0.036272,0,0,0,0,0.00062546,0,0.022128,0,0,0.0566,0.038994,0.058398,0.029284,0.022374,0,0.037775,0,0,0,0,0.013941,0.032189,0.045829,0.022091,0.012224,0.023538,0.0089981,0,0.022838,0,0.038888,0.043539,0.024926,0,0,0.032266,0,0.025124,0,0.027949,0.018776,0.017901,0,0.023598,0,0.011106,0.039175,0.036836,0,0.015055,0,0,0.029998,0,0,0.029336,0.00094068,0.022005,0,0.013296,0.0012564,0,0.052207,0.044159,0,0,0.045526,0.04072,0.015347,0.031097,0.015625,0.020103,0.024897,0.035944,0,0,0,0.0027114,0.0086946,0.056715,0.033386,0.0078064,0,0,0.015916,0.0039083,0.034252,0,0,0.028874,0.037076,0,0,0,0.0079843,0.0018211,0.0053779,0,0,0.017808,0.0005602,0.028337,0,0.031111,0,0.03539,0.039304,0.009151,0.011037,0.016454,0.0072016,0,0.044034,0.038581,0,0.010477,0.034886,0.0047899,0.016729,0.048426,0.018757,0.028665,7.9373e-05,0.0065079,0.033741,0.012689,0.015967,0
0,0,0.002887,0.014496,0,0.0066209,0.046055,0.027908,0.016564,0.053991,0.048055,0,0.050104,0,0,0.042292,0.020755,0.032822,0,0,0.016743,0.020652,0.044906,0.046755,0.017761,0,0.0022073,0.0099687,0.033303,0.059982,0.032543,0.0018592,0,0.005874,0.045852,0.041526,0.0098665,0.018454,0,0,0.020442,0,0.0061299,0,0,0.037777,0.02711,0.0093277,0,0.034067,0.027313,0,0,0.035344,0.01961,0.021813,0.047353,0.0021737,0,0,0.0039259,0,0,0,0,0,0.0021821,0.020108,0.019499,0,0.023277,0,0.055523,0,0,0.016723,0.0022045,0,0,0,0.030752,0.0077791,0,0,0.033966,0.010154,0.028009,0,0.0043419,0,0.018846,0,0.0086365,0.0053299,0,0.022131,0.024249,0,0,0.056595,0.014891,0,0,0,0.014267,0.015551,0.046784,0.034691,0,0,0.04123,0,0.038158,0,0.045955,0.036827,0,0.020935,0.017545,0.040423,0.0096036,0.045659,0.028705,0,0,0.031257,0.034517,0,0.024138,0,0.011553,0.027982,0.031469,0.044671,0.010548,0,0,0,0.029116,0.032041,0.022642,0.0022963,0.049124,0.025958,0,0.03394,0,0.041485,0.028059,0.014538,0,0.02597,0.0094487,0.044353,0.0016618,0.060275,0.017854,0,0.003976,0,0.027256,0.01743,0,0.017402,0,0.011024,0,0.025539,0.031038,0.046612,0,0.0067599,0.0064219,0.05271,0,0.010099,0,0,0.026097,0.024629,0,0.040515,0,0.017556,0,0.021552,0.014199,0,0.036461,0.028969,0,0.038734,0.03371,0.028674,0,0.010468,0,0,0,0.020906
0.018213,0.02507,0.018472,0.022356,0.047919,0,0.0067413,0.0037139,0,0.025028,0,0.023144,0,0.020578,0.037105,0.023196,0.0053236,0.01997,0,0.026634,0,0.023398,0.021035,0.028744,0.027924,0.0083854,0.055521,0,0.033161,0,0.024603,0.036179,0.0016769,0,0.020441,0.038421,0,0.016887,0.019056,0.048847,0.0061881,0.016413,0.032915,0.024071,0,0.026137,0.0087359,0,0,0.027564,0.025277,0.033805,0.062286,0.02488,0.041593,0.008398,0,0,0,0.01191,0.026198,0.015588,0.012921,0.056588,0,0,0.0041053,0,0.025162,0.031848,0,0,0.039129,0.02382,0,0.00016166,0.017594,0.0054059,0.020795,0.0036387,0.041771,0.0098483,0.0062379,0,0,0.013529,0,0.059899,0.0092101,0.014549,0.043542,0.015334,0.030231,0,0.031126,0.030253,0,0.024288,0.0075666,0,0,0,0.01473,0,0,0,0,0,0.027539,0.018133,0,0.039382,0.036062,0,0.016502,0,0,0.06927,0,0.022051,0.012721,0.03362,0.019167,0.044425,0.044117,0.021739,0,0.025106,0,0.011471,0.021191,0.00971,0.038631,0.0021311,0.014447,0,0,0.022709,0.023865,0.034019,0,0.015066,0.0019642,0.021266,0,0.028236,0,0,0,0.041877,0.050224,0.046801,0.0047799,0.031537,0.016975,0.044055,0.0015469,0.030135,0,0.019528,0.037172,0.011744,0.0084838,0.010639,0.024811,0.017723,0.04065,0.023315,0,0,0,0.024211,0.071636,0.014708,0.031534,0,0,0.00099702,0.00986,0,0.013164,0.025889,0.0010402,0.028863,0.0098421,0.033209,0.021391,0.019649,0.017017,0,0.0090038,0.028752,0,0,0,0,0.017926,0,0.00067094,0.024412
0,0.016746,3.8961e-05,0.038892,0.0092247,0.036008,0,0.025169,0.01113,0.010821,0.013099,0,0.0058819,0.0037344,0.016588,0,0.028245,0.023372,0.017258,0.020422,0.022395,0.01656,0.0087077,0,0,0,0.017528,0,0,0,0,0,0.026452,0.026332,0.007392,0.012864,0.027527,0.012034,0.043597,0,0,0.040218,0,0,0.024904,0.01324,0.045814,0.028323,0.022056,0.030386,0.029198,0.010328,0,0.01519,0.039653,0.024111,0,0,0,0.021023,0.03509,0.022172,0.026289,0.012785,0.0057467,0.030221,0,0,0.039803,0.021729,0.036968,0.01735,0.0083554,0.040813,0.024601,0.034156,0.0326,0,0.035896,0.04539,0.0053364,0,0,0.048355,0.024625,0.020044,0.028116,0,0.016867,0.019884,0.050078,0.023329,0.054692,0.028057,0,0,0.038831,0.064887,0,0.037266,0.0027126,0.022765,0.027153,0,0.011846,0.049791,0.013786,0.024695,0.044815,0,0.028806,0.02417,0,0.051253,0.026161,0,0.0203,0,0.0043997,0.03328,0.018842,0,0.025177,0,0,0.040498,0.013523,0,0,0.046937,0.0459,0.015107,0,0.027133,0,0.022504,0.033938,0.01592,0,0.032505,0.033886,0,0.014951,0,0,0.025996,0,0.0046409,0.039631,0.01684,0,0,0,0.0043338,0,0.011038,0.027475,0.043482,0,0.039491,0.005659,0.013959,0.011206,0.011581,0.023517,0,0.022468,0.0069223,0.044807,0,0.055679,0,0,0.028399,0.0056156,0.023277,0.011923,0.028269,0,0.026434,0,0,0.014354,0.031373,0,0.014606,0.013259,0.032844,0,0.0098241,0.013498,0.035888,0.010811,0.026779,0.054968,0,0.023841,0.02839,0.011727,0.019641
0.008616,0,0.038558,0.013111,0.034936,0.0091824,0.025395,0,0,0.01719,0.01707,0.013803,0.021522,0.037949,0.017421,0.028362,0,0.027697,0.021364,0,0.0071267,0.0068639,0,0.027545,0.005839,0.015656,0,0,0.042425,0.011526,0.042731,0.0073415,0.0030592,0,0.036857,0.018908,0,0.019014,0.0084725,0.018173,0.0099162,0,0.001371,0.034582,0,0.014076,0.011918,0.023583,0.01746,0.014789,0.031098,0.023795,0.026552,0.0055814,0.0062709,0,0.03829,0.035855,0,0.010599,0.02145,0.066458,0,0,0.037254,0,0,0.038322,0.067299,0.0097878,0.038592,0,0.052262,0.036455,0.034745,0.026059,0.050726,0.02018,0.03351,0,0,0,0.040873,0,0,0,0.0026621,0.013343,0.0032631,0.052784,0,0.00093174,0,0,0.0052093,9.1889e-06,0.014567,0.0069168,0,0,0.022367,0.036557,0.028871,0.0089034,0.0095753,0,0.0074958,0,0.046016,0.03272,0,0,0.014507,0.044709,0,0.03036,0,0,0.0050698,0.013337,0,0.021654,0.045582,0.029958,0.016566,0.043091,0,0.020656,0.0083107,0.018875,0.030795,0.023294,0.042071,0.052268,0.015738,0.02187,0.017374,0.035632,0.0095386,0.030423,0.045185,0.0029235,0.00097689,0,0.011588,0.012999,0.014211,0.010272,0,0.029415,0.0087568,0,0,0,0,0.012659,0.050632,0,0.013582,0.011199,0.024474,0.027247,0.00993,0,0.011952,0,0.028864,0.0037732,0.017198,0.027808,0,0.0061933,0.018426,0.050805,0,0,0.020147,0.021952,0.0039509,0.0098478,0.020353,0.026746,0.023442,0.01722,0.041405,0.050312,0,0.028756,0.021546,0,0.033796,0.018209,0,0.024119,0.020508,0.058009,0.043314,0,0.059617,0.031045
0,0,0.03071,0.0228,0,0.025205,0.026595,0,0.0082127,0.040333,0.017402,0,0.039405,0,0.009299,0,0.030672,0,0.0057653,0,0.055654,0.037715,0.027611,0.012601,0.037029,0,0.005169,0,0.047233,0.019606,0.038964,0.031303,0,0,0.019158,0,0.019022,0,0.022246,0,0,0.036568,0.011451,0.021711,0.045663,0.034634,0.037665,0,0,0.0048751,0.031958,0.026075,0.0052366,0,0.042283,0.038511,0,0,0.030355,0.0523,0,0.035072,0.014289,0.027198,0.019332,0.033713,0,0.010422,0,0,0.037307,0,0,0.03454,0.043318,0.044728,0.0006584,0.0054945,0.045137,0.044858,0.0034599,0.020636,0.0091442,0.028223,0,0.0071025,0,0.037223,0,0,0,0.0342,0.016048,7.9389e-05,0.041005,0.063879,0,0.018496,0,0.0085637,0,0.038948,0,0.0081343,0.021296,0,0,0,0,0.044285,0.017559,0.028987,0.011163,0,0.026571,0,0.026516,0,0.0013873,0,0,0.030302,0.027304,0,0.011955,0,0,0.04031,0.004488,0.027553,0,0.0087016,0.014111,0.040475,0.01637,0.021853,0,0.030134,0,0,0.010903,0.025607,0.01468,0.012248,0.023272,0,0.004571,0,0,0.007401,0.052644,0.078611,0.064512,0.032435,0.017359,0.019894,0,0.047903,0.040435,0.033616,0.038513,0.014314,0.010897,0.042197,0.034812,0,0,0.014289,0.014218,0.017356,0.03092,0.055947,0,0.01009,0,0.026133,0.044969,0,0,0,0.045443,0.045184,0,0,0,0.0032911,0.031579,0.020656,0.0054175,0.036825,0,0,0,0.012368,0.021026,0,0,0.050662,0,0.045837
0.041609,0.046523,0,0.03432,0.002948,0.025843,0.025906,0.047279,0.02968,0,0.040773,0,0.037589,0,0.034143,0,0.030579,0.0064841,0.03518,0.0013529,0.010354,0,0,0.0013604,0.0072382,0.025318,0.042442,0,0.043486,0,0,0,0,0.0068375,0,0.0064805,0.0099243,0,0.016684,0.024017,0,0.0056098,0.021895,0,0.0027999,0.0063519,0.028256,0,0,0,0.0012842,0.0013581,0.0071082,0,0,0.026366,0,0.00064484,0.020193,0.022062,0,0.0005785,0.013578,0.031181,0,0,0,0,0.0036792,0.012498,0.013495,0.010702,0,0,0.036935,0.038746,0,0,0,0,0.029767,0.011586,0.023661,0,0,0.00086444,0.021549,0,0.039134,0.027376,0.028914,0.046566,0.025138,0.0025387,0.068172,0,0.0055926,0.019065,0.02186,0,0.0016262,0.032186,0,0.03162,0.016385,0,0.0010623,0.039853,0,0.023676,0,0.02658,0.027249,0.031154,0,0.040222,0.0029906,0.021054,0,0.0063662,0.041234,0.037251,0.026232,0.02128,0.032055,0,0.052313,0.03644,0.0035976,0.0034739,0,0,0.022811,0,0,0.0074879,0,0.0040663,0.026329,0.023299,0,0.009575,0.042432,0.023643,0,0.010111,0.031735,0.038585,0.057341,0,0,0,0,0.04707,0.015024,0,0.0011258,0.042502,0.036487,0.025514,0.027621,0.023913,0.041223,0.034848,0,0,0,0.0077967,0,0.056502,0.0091222,0.05351,0.0015504,0,0.033005,0,0.021873,0.013834,0.022921,0.011129,0.04212,0.03653,0.049213,0,0.0097216,0.045374,0.039827,0,0,0.031682,0.042885,0.042719,0,0.029673,0.026254,0.0036449,0,0,0.0043909,0
0,0.02852,0.021571,0.0045407,0,0.0083632,0.033021,0.027013,0.0071021,0.0088322,0.03022,0.028614,0,0.018814,0,0.0041595,0.017659,0.022733,0.02774,0.035994,0,0,0.010009,0.0064122,0,0.018468,0.040575,0.0078252,0,0.044458,0.0061006,0.0050198,0,0.00042402,0.027594,0,0,0.022684,0.0045567,0.027494,0.022591,0.0048937,0.046997,0.04133,0,0.0091485,0.033618,0,0,0.01033,0.042404,0.017558,0.014881,0.013052,0.035767,0,0.030902,0,0.029616,0.036842,0.0058696,0.023304,0.02486,0.050948,0,0,0.039138,0.048104,0,0.01203,0.013841,0.046365,0.011826,0.012647,0.029335,0.019408,0.015709,0.031129,0.016193,0,0,0,0.042539,0,0.015397,0.0069108,0.023219,0.058449,0,0,0,0.03934,0.015687,0.041334,0.0013798,0.057083,0.029887,0,0.046054,0,0.0019071,0,0,0,0.032299,0.022393,0.015784,0.012894,0.011276,0.027903,0.03624,0.014282,0,0.043487,0,0,0.043867,0,0.038177,0.034635,0,0.032819,0.010086,0.061921,0.010883,0.027273,0.013482,0,0.0034968,0.019022,0.027724,0.05923,0.017224,0.0084918,0,0,0.029706,0,0.0015953,0.01542,0,0.025394,0.031635,0,0.0026955,0.0055674,0,0.019367,0.052228,0.043659,0.0086004,0.059538,0.0063215,0,0.033745,0.031885,0.025876,0,0.055949,0.031134,0.012304,0.023885,0,0,0.014746,0,0.048336,0.044215,0.0044301,0,0.012506,0.014928,0.036677,0.022933,0.026961,0.040597,0.0054281,0,0.027287,0.0066156,0,0.027193,0.011072,0.0088679,0.01623,0.030887,0.013667,0.050987,0,0.053531,0.043163,0,0.0056548,0.00046844,0.015892,0.0040339,0.042852,0.042052,0.022696,0.01362
0.049008,0.039609,0.037448,0.012176,0,0.04081,0,0,0.052621,0.053833,0.0020766,0.013914,0.028818,0,0.0087747,0.043879,0.0016608,0.00049259,0,0.018756,0,0.032285,0.001377,0.0071225,0.029225,0.029592,0,0,0,0.0080601,0.017956,0.030238,0,0,0.035659,0,0.0038615,0.015357,0.021763,0.030998,0.06863,0,0.016138,0,0.02213,0,0,0,0,0,0.026542,0.035927,0,0,0.016114,0.0051195,0,0.041314,0.027457,0,0.019672,0.021977,0.025666,0,0.033153,0.031624,0,0,0.027358,0,0,0.013844,0,0.041243,0.037678,0,0,0.032225,0,0.026274,0.020863,0.032567,0.035766,0,0,0.0044399,0.031368,0.035207,0.017698,0.020474,0.011846,0.032113,0,0,0.028699,0,0.04134,0.006567,0.015314,0.02125,0,0.02196,0.0082108,0.040385,0.041729,0,0.027727,0,0.017307,0.035191,0,0.059647,0,0.019705,0.026818,0.056972,0,0.039815,0,0.018503,0,0.0010233,0.036153,0,0,0.036221,0,0.042624,0,0.016671,0.0072782,0,0.0036701,0.038975,0,0,0,0,0,0.033875,0.072079,0.027885,0.035734,0.0185,0.037778,0.018273,0.024831,0.044343,0.050787,0,0.040607,0.0068935,0,0.051971,0.035749,0,0,0,0,0.016622,0.031151,0,0.015402,0.0029699,0.026218,0,0,0.026478,0.013167,0,0,0.03959,0.016755,0.025203,0,0.0096723,0,0.024741,0,0.033759,0.0081339,0,0,0.03629,0,0.015217,0.017746,0.013811,0,0,0.03714,0.0099263,0.05397,0.04283,0.011213,0,0.042657,0,0.0039359,0.028322
0,0,0.046597,0.031562,0.036515,0,0.025566,0.062846,0.0056687,0.048057,0.020335,0.039077,0.033359,0.011403,0.0059086,0.01881,0.04607,0.028784,0,0.043914,0.01259,0.0091543,0.039013,0,0,0.0049502,0.020242,0,0.030759,0,0.0060241,0,0.0031882,0.009766,0,0,0.0444,0.022099,0.015747,0.023144,0.042827,0,0.019385,0.0054767,0,0.029396,0,0.037919,0.019072,0.001287,0.0189,0,0,0,0.017718,0.029441,0.034982,0.0059795,0.012798,0.015781,0,0.018229,0.022023,0.0055176,0,0.031729,0,0.031092,0.014785,0.011307,0,0.032166,0,0.010879,0,0,0,0.0041288,0.014895,0.010252,0.028538,0.044227,0.042161,0.0067013,0.024261,0.038675,0,0,0.039953,0.011039,0,0.020424,0,0.0034869,0.015048,0.023663,0.053852,0.022546,0,0.008377,0.0051268,0,0.018566,0,0,0,0.037549,0.016298,0,0.0030679,0.015502,0.00051224,0,0.0057641,0,0.010644,0,0.042068,0.061285,0.0146,0.032914,0.030641,0.022532,0.0095738,0.0066723,0.009795,0.020937,0.044317,0.031296,0.023232,0.027403,0,0,0.014449,0,0.034091,0,0.030801,0.035005,0.036377,0,0.018276,0.017085,0.0070059,0.051862,0.026849,0.057759,6.3791e-05,0,0.020267,0.00062277,0.035636,0.036172,0.0087819,0.017847,0,0.040557,0.00066345,0.043243,0,0.036567,0,0,0,0.0039796,0,0.038929,0,0.001366,0.006001,0.028484,0,0,0.027714,0.0424,0.033508,0,0,0,0.054844,0,0,0,0,0.026595,0.035318,0.0090393,0.00096511,0.039796,0.0059968,0.0018698,0.019179,0.044283,0.021869,0,0.047736,0.035117,0.012136,0,0
0.022224,0,0.03231,0.030484,0,0.015079,0,0.011738,0,0,0,0.037768,0.014211,0,0.015087,0,0.027427,0.018462,0,0.031063,0,0.0052879,0.027491,0.030063,0.0092734,0.029286,0.022988,0,0.026579,0,0.03993,0.030171,0,0,0,0.030012,0.032045,0.025477,0.029123,0.025471,0.0007326,0.070563,0.0076304,0.033875,0,0,0.04825,0,0,0,0,0.040408,0,0.028389,0.01005,0.011654,0.038649,0.043959,0.027027,0.02847,0.028655,0,0.021487,0.0093235,0.021623,0,0,0,0,0.035816,0.0545,0.023255,0,0.011749,0.016534,0.030253,0.017531,0,0.014849,0.028098,0.015638,0.0051798,0,0.028145,0.037771,0.0047879,0.036827,0.01632,0.030502,0.021864,0.022358,0,0.035796,0,0.024583,0,0.011917,0.0074573,0.021748,0.060459,0.02972,0,0,0.013102,0.0094091,0,0,0.0086481,0.043832,0.034225,0.025407,0.015704,0.017386,0.0015571,0,0.021371,0,0.017223,0.016364,0.0096556,0.0021945,0,0.014286,0,0.030691,0.030904,0.038735,0.0039904,0.06679,0,0,0.0032327,0.035683,0.00013095,0.022808,0,0.017936,0,0.049656,0.032391,0,0.010796,0.035723,0.0014395,0.052934,0.0092567,0.02654,0.034861,0.022411,0.033966,0,0,0.015044,0.015433,0,0,0.030534,0.033301,0,0.038872,0,0.027059,0.0027361,0,0,0.030561,0.039513,0.02891,0.031368,0.011502,0,0.020542,0.00027697,0.013104,0.038801,0,0.03325,0.0159,0,0.034893,0.046095,0.038986,0.045279,0,0.038804,0,0,0.014231,0.015342,0.047452,0,0.02149,0,0.02553,0.052152,0.034479,0.0072366,0.018837,0.064268,0
0.034105,0.0457,0.0077743,0.010627,0.02199,0.01959,0.0010062,0.033013,0,0.012503,0,0.021503,0,0,0.013253,0.012542,0.038515,0.038321,0,0.014372,0,0,0.0064587,0.045041,0.023202,0.026165,0.04793,0.015937,0,0.068128,0,0.026494,0.022261,0,0.0025627,0.047406,0.015698,0,0,0,0.0019249,0.039416,0,0.013999,0.005306,0.012067,0,0.035579,0,0.028452,0.0072973,0.042834,0.0307,0.051614,0.037952,0,0,0.05175,0.037402,0.037451,0,0.026701,0.060219,0.048206,0,0.034064,0,0.0042606,0.026361,0.039232,0.0050081,0.021104,0.0049595,0.033137,0.004789,0,0,0,0.019119,0,0.03402,0,0.02642,0.00034854,0,0,0.034541,0.034609,0.050414,0.011997,0.045127,0,0.045599,0.021444,0,0.030536,0,0.045443,0.0079317,0,0.029626,0.042121,0.022957,0.048595,0.00030422,0.002749,0.022449,0.0073814,0,0.047755,0.011868,0.0052051,0.032104,0.0065674,0.021436,0.018202,0,0,0.028072,0,0.0034572,0.025846,0.033165,0.0030329,0,0.0061806,0.010014,0.037593,0.045119,0,0.047861,0.065092,0,0,0.052949,0.021437,0.022921,0.041586,0.047293,0.01431,0.020887,0.029284,0.043499,0.0074772,0.034812,0.010265,0,0.0018595,0.021386,0,0.032901,0.043436,0.023994,0,0.041344,0,0.045509,0.042999,0.0052332,0.028024,0.020066,0,0.027459,0.019512,0.014991,0,0.047193,0.043012,0,0.029468,0.014153,0,0.0015152,0.0062997,0,0.0045225,0.0058671,0.0070039,0.021505,0.039927,0,0.01152,0.0083507,0.040881,0,0.025238,0.045382,0.027193,0.028236,0.025,0,0.017013,0,0.028921,0,0,0,0.045994,0.0037861,0.00054459
0.023246,0.0065627,0,0.018738,0,0.015443,0.015347,0,0.033854,0.036505,0.011371,0.027888,0,0,0.0059121,0.00087438,0.020552,0,0.031292,0.043611,0.05239,0,0.045064,0.030138,0.031977,0,0.025641,0.038828,0.020102,0.01524,0.032288,0,0.031316,0.0031729,0.045841,0,0,0,0.030004,0,0.012088,0.06958,0.016263,0,0.019192,0,0,0.03268,0.024265,0.032962,0.0088784,0.026767,0.0076114,0,0,0,0.009572,0.031672,0.006107,0,0,0,0,0.051773,0.026052,0.0088193,0.0052939,0.0061261,0.060411,0.025794,0.02149,0.014253,0.037268,0.049718,0.022215,0,0,0.031651,0,0,0.011785,0.029796,0,0,0.040972,0,0.00061744,0.016299,0,0.028098,0.0070979,0,0,0.00032545,0.034023,0.011853,0.028785,0.013605,0.029084,0.041323,0,0.036819,0.023236,0.012944,0.025936,0,0.016806,0,0.025797,0,0.022164,0,0.0054794,0.036351,0.0044624,0.0335,0.020501,0.00042467,0.039821,0.033445,0.0044444,0.020379,0,0.033822,0.0055362,0,0.030934,0.019505,0.03589,9.9703e-05,0,0.033546,0,0.031134,0.03754,0.029183,0.024154,0.036133,0,0.017286,0.047457,0,0.022237,0.0025545,0,0.023702,0.072374,0.031539,0,0.0043797,0.043996,0.011488,0.014601,0,0.020718,0,0,0.017099,0.01514,0.017273,0.044429,0,0.016174,0,0.025372,0.058645,0.010804,0.040432,0.0012478,0.052168,0.025117,0.032508,0.022993,0.018405,0.016667,0.026529,0.013835,0,0,0,0.055997,0,0,0.044478,0,0,0.012304,0,0.033811,0,0.0023476,0,0.00796,0.057918,0.0052011,0.024347,0,0.0037718,0.0084242,0.021443
0.03461,0.0036024,0.017942,0.026831,0.014782,0.029884,0,0.027106,0.018171,0.0067533,5.7247e-05,0.022227,0.061892,0,0.017309,0,0.043319,0.021425,0.0055757,0.063808,0,0.040822,0,0,0,0,0.047363,0,0,0,0,0.029604,0.018066,0,0.02717,0.04675,0.0064174,0.012573,0.024224,0.043392,0.037493,0.012359,0.032746,0.02557,0,0.0053434,0.041553,0.0090426,0,0.022147,0.0026885,0.056764,0.066715,0.024918,0.0032184,0.05018,0.032114,0,0.034217,0.0046858,0.01404,0.038697,0,0.033562,0,0,0.021876,0.012726,0.046842,0.034451,0,0,0.014111,0.022149,0.021061,0.049392,0.043516,0.0079597,0,0.057556,0.017361,0,0.015101,0,0.024927,0.013253,0.031008,0.014851,0,0,0.0085456,0.016345,0.016137,0.020646,0.033993,0,0.029726,0.013919,0,0.041592,0.048912,0.0091053,0.0056277,0.015925,0.038564,0.031195,0.0056936,0.0044399,0,0.02734,0.041685,0.0072014,0.041729,0.045335,0.0039761,0.021489,0,0,0.018811,0.034269,0,0.035481,0.0135,0.017634,0.019489,0.040757,0.015592,0.033134,0.024473,0.0032018,0.0098881,0,0.025649,0,0.032973,0.012567,0.0048087,0.026034,0,0.018451,0.047001,0.026768,0.033951,0,0.012827,0.0088577,0,0,0.05249,9.6833e-05,0.026293,0.0094937,0.013492,0.023461,0.021022,0.058764,0.0095764,0.021111,0.023165,0,0.028527,0.0052768,0,0,0,0.0063953,0.021151,0.024144,0.016075,0.019786,0,0.026857,0,0,0.003802,0.007654,0,0.056144,0,0.0089406,0.012792,0.038589,0.038263,0,0.0046378,0.032264,0.035658,0.027103,0.035403,0.047247,0,0.013707,0.020547,0,0,0.016,0.012242,0,0,0
0.054142,0.0095542,0,0.03993,0,0.033854,0.0075003,0.04649,0,0,0.014944,0,0.034637,0.03801,0.029093,0.027733,0.03728,0.010569,0.020344,0,0.045537,0.049001,0.029795,0.027013,0.003559,0.030565,0.02689,0.010478,0.023046,0.062727,0.015681,0,0.058341,0.0043617,0,0,0.022612,0,0.036932,0.048804,0.029493,0.031791,0.030106,0,0.0068468,0,0.022442,0.016483,0,0,0,0,0.04244,0.0066731,0.035204,0.031101,0.00020916,0,0.043225,0,0.042394,0,0.050115,0,0,0,0,0.0010545,0.045507,0,0,0.031605,0.01182,0.035439,0.00038828,0.026596,0,0.024927,0.032586,0.032389,0.017029,0.028407,0.050542,0.0030586,0.013662,0,0,0,0,0,0.037585,0,0.014133,0.029069,0.053343,0.034686,0,0,0.017306,0.027338,0.032684,0.022572,0.00097631,0,0,0.01742,0,0.0014668,0,0.0050155,0,0.0023024,0.042444,0.026037,0,0,0.055672,0,0.040713,0.027224,0.024208,0.021233,0.021415,0.041157,0.011674,0.025851,0,0.03009,0,0,0.02088,0.042567,0.040888,0.045204,0.04827,0.011004,0,0.029679,0,0.034968,0.038263,0,0.030188,0.020205,0.0048536,0.0093702,0,0.037123,0.030785,0.0048508,0.014739,0,0,0.050523,0,0.056378,0,0.0034389,0.025169,0.045607,0,0,0.00069461,0.024445,0.029967,0.019672,0.019598,0.0050499,0,0,0.046415,0.0085041,0.060392,0.024203,0,0.031504,0.0064378,0.037397,0,0.0064942,0.0072171,0.0096955,0.033143,0.030875,0.0021844,0.03587,0,0.032686,0.034136,0.020361,0,0.04916,0.0086872,0.050038,0,0.029377,0.0016367,0,0,0.020887
0.039478,0.058355,0,0,0.016095,0,0.019856,0.036195,0.044601,0.017537,0,0,0.025804,0,0.0071606,0.036286,0.033936,0,0.0446,0,0.024877,0.022616,0.037914,0.00087788,0.033596,0.02596,0.022874,0,0,0.013339,0.010801,0.016201,0.0025653,0.026907,0.0065907,0.01769,0.015675,0.011513,0.023204,0,0.045541,0.014978,0,0.046865,0.018179,0,0.055284,0.019786,0.01675,0,0.024253,0,0.032518,0,0.020557,0,0.033009,0.023838,0.021826,0.031718,0.040547,0.043543,0.055866,0,0.00084751,0.014274,0.034797,0.011725,0.0044716,0,0.0074993,0.007392,0,0.03515,0.028752,0.034321,0.0086868,0.031496,0.052928,0.011928,0.023917,0.044327,0.012358,0.016982,0,0.022836,0,0,0.024191,0.03566,0,0.012374,0.0073631,0.038098,0,0.031271,0,0.0083128,0.014332,0.012404,0.0039711,0.04819,0.019794,0.017828,0.00055132,0.0291,0.031669,0.012369,0.026881,0.010922,0,0.0038575,0.016481,0.034712,0.043054,0,0.039028,0,0,0.021195,0.0034769,0.0072904,0.031439,0.016743,0.023779,0,0,0,0.031023,0.031893,0.0079315,0,0,0.033809,0.02435,0.044161,0.043437,0,0,0.0031045,0.028457,0.0062144,0.01492,0.014335,0.036421,0.001371,0.068076,0,0.030855,0.00019415,0.018388,0.073307,0.04727,0,0.027186,0,0.017752,0.017042,0.0039267,0,0,0.036449,0,0.023806,0,0,0,0,0.034218,0,0,0.014937,0,0,0.020957,0,0.0061333,0.046128,0.005617,0.024272,0,0.045984,0.041185,0.021891,0,0,0,0,0.054551,0.021999,0.011093,0.013047,0.0034363,0,0.038746,0.010944,0.014451,0,0.051225,0
0.00033245,0.019404,0,0.01302,0,0.017964,0.006337,0.021933,0.032787,0,0,0,0,0,0.034842,0.0053176,0,0.018634,0,0,0.022768,0.015545,0.043492,0,0.0096198,0,0.0098371,0.022359,0,0,0,0.017542,0,0.020674,0.010598,0.028463,0,0.028263,0.031199,0,0.020331,0.0043144,0.017807,0.025294,0.029456,0.021792,0.016429,0.0014074,0.0056497,0.0056533,0,0.013354,0,0.031483,0.043974,0.00012716,0,0,0.04041,0,0.030954,0.047526,0.022687,0,0.041391,0.0022664,0.0067763,0,0.037301,0,0,0.0007191,0,0.011412,0,0,0.059933,0.0034096,0.0065377,0.019096,0.02913,0,0,0,0.028936,0.010332,0,0,0.019583,0,0,0,0.041219,0.026253,0.016298,0,0.033247,0.0024466,0.01678,0,0.019096,0,0.018775,0,0.00079272,0.052767,0,0.028613,0,0.035073,0,0,0,0.042835,0,0,0.026314,0.050115,0,0.0075014,0.025222,0.013431,0.027592,0,0.0055534,0.026145,0.026525,0,0,0,0,0.0037524,0.031032,0.043632,0.040098,0,0.022552,0.02076,0,0.0050769,0,0,0.014316,0,0.027087,0.015743,0,0,0,0.0016968,0.02347,0.017187,0,0.004063,0.016063,0,0,0.0055384,0.030538,0,0,0,0.036401,0.027014,0,0.010249,0,0.013005,0.033082,0,0,0.027162,0.033327,0.01782,0,0.031643,0.038915,0.015096,0.027557,0.053835,0.043121,0.0070297,0.039889,0.040248,0,0,0,0,0,0,0.033446,0.049829,0,0.0081182,0.044507,0.032414,0.029562,0.025623,0,0
0.016906,0.037802,0.019898,0.035979,0.039799,0.016804,0.015996,0,0.031821,0,0.053872,0.0025762,0.017291,0,0,0.043595,0.016483,0,0.0020842,0.068924,0.019433,0.019994,0.039363,0,0,0.048344,0.035212,0,0,0.014714,0,0,0.03187,0.017435,0.029707,0.010809,0,0.013913,0,0.0084377,0.002575,0.025747,0.018821,0.029079,0,0.019126,0.0043229,0.034123,0.035164,0.0050739,0.028141,0,0,0,0.027598,0,0,0.039015,0.0018302,0.019254,0,0.0029491,0,0,0,0.036529,0.020653,0.026484,0,0,0,0.04405,0.013666,0.024662,0.042556,0.018765,0,0.021641,0.012428,0.0082121,0.029967,0.021661,0,0,0.0078568,0.016031,0,0,0.037783,0.0059259,0.025987,0.04912,0.00054727,0.029954,0.011639,0.032179,0.0080593,0,0.039319,0.011759,0,0.041375,0.0044853,0.0049113,0.028561,0,0.014304,0.048231,0.035194,0,0.042736,0.06541,0.021501,0.039916,0.047112,0,0,0,0.0092191,0.031252,0.034925,0,0.021243,0,0.024935,0,0,0,0,0.02555,0.05085,0.034492,0.049608,0,0.024776,0,0.02849,0.028988,0.055709,0.019965,0,0,0.035723,0.0068472,0.0094164,0.02652,0.028084,0.031099,0,0,0.032998,0,0,0,0.024912,0,0,3.5957e-06,0,0,0.038789,0.0028958,0.0411,0,0.031334,0,0,0.015818,0.016206,0,0.019504,0,0.029168,0.0019605,0,0,0.001274,0,0.041222,0.035517,0.029844,0,0,0,0.014929,0.052123,0.039311,0,0,0.042695,0.025992,0.022841,0.011024,0,0.01832,0.036448,0.021146,0.038499,0.070037,0.046589
0.009763,0.024532,0,0.00026051,0.044894,0,0.038742,0.038262,0,0.021702,0.012808,0,0.010273,0.0048611,0.033349,0,0.013303,0.020257,0,0.0052623,0.043714,0.02753,0,0,0.02277,0.016395,0.040986,0.047189,0,0.011507,0.022445,0.021318,0,0,0.015822,0.018312,0.028471,0,0.0071705,0,0,0,0,0.051043,0.040783,0.030684,0.025013,0,0.014357,0.0076725,0,0.0082086,0,0,0,0.042007,0.029726,0.018298,0.03094,0,0,0,0.0016055,0.0089592,0.015006,0,0.022627,0.013728,0.011762,0.029454,0.02076,0.012547,0,0.044,0,0,0.0014872,0.039952,0.054766,0.00086253,0.019835,0.017692,0,0.045194,0.0010823,0.013255,0,0,0,0,0,0,0,0.020496,0.025163,0.023533,0.026607,0,0.027937,0.021042,0.048678,0.011708,0.0091136,0,0.035278,0,0.030751,0,0,0,0.056114,0.058552,0.0074141,0,0,0,0.015714,0.038648,0.044809,0.031758,0.023682,0,0,0.0018604,0.027098,0.030849,0.052985,0,0.018409,0,0.060504,0.040834,0,0.04099,0,0,0.04597,0.006178,0.029326,0,0,0,0.022062,0,0.029171,0.00080428,0,0,0.013717,0.050315,0,0.036695,0.012812,0,0.044168,0,0.031991,0,0,0.027431,0.034124,0.015036,0.028738,0,0.034508,0.014223,0,0.029395,0.0063667,0.0056523,0.038208,0.0015051,0.016484,0.054784,0.029411,0.0025856,0.018248,0.026445,0.014774,0,0.013305,0.016643,0.027614,0.0024703,0.052029,0,0.016634,0,0,0.048491,0.017207,0.041123,0.041985,0.028936,0,0,0.023982,0.024745,0,0.041793
0,0.016552,0.013107,0.019316,0.012728,0.025657,0.037548,0.032144,0.049092,0.053017,0.0085963,0.036376,0,0,0.035274,0.03878,0,0,0,0.046279,0,0.0053203,0.026613,0,0,0.035383,0.045984,0,0.042986,0,0,0,0.033246,0.051958,0,0,0,0,0.029571,0.021195,0,0.0092435,0.043658,0.030051,0.044425,0,0.0077447,0.030864,0,0.042004,0,0.04764,0.035832,0.029802,0.044611,0.0039107,0,0.042791,0,0.0045018,0.014417,0.038412,0,0,0.052548,0.053724,0.054839,0.042835,0.042332,0.002435,0.014627,0,0.030294,0.022057,0,0,0.043252,0.034226,0.034727,0,0.004142,0.026149,0,0.021945,0.049326,0.025304,0.014229,0.0026361,0.011869,0.034156,0.012603,0,0.03433,0,0.011995,0,0.0231,0.02733,0,0.039656,0,0.0041572,0,0,0,0.0082992,0.037175,0.00056058,0.0090054,0.007538,0.031792,0,0.014292,0,0.030637,0.041035,0,0.02091,0.0080286,0.00796,0,0.026335,0.02201,0.018805,0,0,0,0.015394,0,0.0071463,0.034073,0,0,0.028388,0.040871,0,0.035787,0.039568,0.018967,0,0,0.016543,0.00074961,0,0.056493,0.027494,0,0.014408,0.00067995,0.025598,0.029411,0,0,0.0011759,0,0,0.056939,0,0.00035929,0.016655,0.023975,0,0.01008,0.050658,0.022413,0.019582,0.01576,0.0039069,0.020072,0.0381,0,0.045893,0.038221,0.03309,0,0.030876,0.014059,0.0011186,0.053964,0.0093193,0,0,0,0.040134,0.004895,0.019559,0.024879,0.0016091,0,0,0,0,0.039217,0.045038,0.0090044,0.05132,0.020565,0.051539,0,0.029759
0,0.062681,0.031796,0.0091908,0.025289,0.014852,0.010612,0,0.008272,0.027553,0.032327,0,0.0056734,0.053073,0,0.031831,0,0.023026,0,0,0.013234,0.02908,0,0.0044863,0.0053668,0,0.032703,0.017576,0.028013,0.063564,0.035422,0.039128,0,0,0.020302,0,0.037158,0,0,0.036418,0.021401,0,0.046825,0.03547,0,0.0052122,0,0.046395,0.026285,0.018141,0.031127,0,0.029164,0,0,0.039215,0.0027035,0.00895,0.038088,0,0.031426,0,0.036802,0.015813,0.027294,0.032221,0,0.013351,0.036868,0.033297,0.00084285,0,0.042198,0,0.0043534,0.030463,0.042127,0,0.020256,0.020373,0,0.0034778,0,0,0,0.023666,0,0.025269,0.016416,0.039138,0.0053149,0.044171,0.01904,0.028649,0.033977,0,0.0013676,0,0.025927,0.0083291,0.020979,0,0.037489,0,0.026003,0.0337,0.02107,0.015601,0.025202,0,0,0.020152,0.026288,0,0.022156,0.0011067,0,0,0.026663,0.021045,0.017362,0.022619,0,0,0.027541,0.03407,0,0.023144,0,0.020033,0.0080209,0,0.0019354,0.013616,0.035202,0.054989,0,0.043788,0,0,0.0030597,0,0.0051235,0.034716,0.01493,0.038479,0.033766,0.022681,0.048174,0,0,0,0.059574,0.039395,0,0.055267,0.024246,0,0.04119,0.044068,0,0,0.031217,0.025081,0,0,0,0.031823,0.02029,0.025319,0,0.02258,0.042774,0.031203,0.038816,0.0017389,0.027239,0.020699,0.024503,0,0.0089221,0,0.037481,0.0002273,0.028141,0.025825,0,0,0,0.023999,0,0,0.0047003,0.042819,0.0077279,0.016996,0.035156,0.025062,0.028265,0.027248
0,0,0.047471,0.0025587,0.022605,0.014949,0.029929,0.0045438,0,0.0097733,0.020719,0.037208,0.01688,0,0.012175,0.0015962,0,0.028316,0,0.0082318,0.013286,0.026508,0,0.052726,0,0.014097,0,0.0084494,0,0,0,0.019035,0.059733,0.026817,0,0.058065,0.029781,0.0051013,0,0.027404,0.0018074,0.030618,0.012976,0.0227,0,0,0,0.034474,0.038275,0,0,0,0.051535,0.04267,0.028979,0.0038718,0.044129,0.033482,0.0024297,0,0.0017904,0.053606,0,0.036408,0.053994,0.0052292,0.024763,0.023432,0,0.002384,0.017699,0.026284,0.014007,0,0.040853,0.016739,0,0.015101,0.0082489,0,0.025772,0.036178,0.032516,0.054218,0.0092838,0,0,0.023916,0,0.032647,0.023711,0,0,0.020581,0.00050341,0.032191,0.0032101,0,0.0061504,0,0.045189,0,0,0.0091317,0,0.056119,0,0.0045964,0,0,0,0,0.036566,0,0.015108,0,0,0.020614,0.046151,0.019092,0,0.039767,0,0.03796,0.045677,0,0,0.030873,0.029122,0,0.0053198,0,0.028678,0.032419,0.0032366,0.0029654,0,0,0.031204,0.024652,0,0.027116,0,0.054608,0.03725,0,0.013413,0,0.048461,0,0,0,0.021786,0,0.00014496,0,0.0010899,0,0.048986,0.0034174,0.024507,0,0.031845,0.023865,0.026999,0,0.025141,0,0.032722,0,0,0,0.060062,0,0,0.005326,0.026155,0.0046929,0.017436,0,0.020031,0,0.041522,0.036108,0.0067327,0,0.035597,0,0.041921,0.0095864,0.021721,0,0.016562,0.012261,0.059506,0.034565,0.018248,0.0031536,0.068813,0.020453
0,0,0.02596,0.0053354,0,0.041366,0,0,0.0011057,0.041801,0.01546,0.040945,0,0,0.019239,0.030175,0.027857,0.025864,0.041963,0,0.034235,0.013881,0.02409,0.023125,0.04101,0.025819,0,0.047908,0.017534,0.024171,0,0.033557,0.041714,0,0.0044518,0.01552,0,0,0,0,0,0.01701,0,0,0.016614,0.048731,0.042079,0.016457,0,0.044078,0.01207,0,0.042653,0,0.023998,0.018669,0.022887,0.025902,0.027846,0.04744,0,0.031475,0,0.012993,0.0059988,0,0.0070062,0.024867,0,0.010852,0.019383,0.039199,0.020241,0.056885,0.020234,0.039816,0,0.017799,0,0.017302,0.029694,0.015605,0.021052,0.022782,0.032784,0.045036,0.022118,0,0.010203,0,0.0014469,0,0.017354,0.03919,0,0.0078419,0.0134,0.064342,0,0.018709,0,0,0.038475,0.0084265,0.024155,0.00083973,0.0077546,0.057271,0.00362,0.022054,0,0.01772,0.026385,0,0.029591,0,0.015522,0.000965,0,0.034036,0.040493,0,0.008326,0,0.033422,0.031425,0,0,0,0.027615,0.033755,0,0.010485,0.012599,0.024054,0.034358,0.035468,0.00036895,0.0068121,0.033686,0.016046,0.040031,0,0,0.011731,0.023975,0,0.016279,0.010783,0.054754,0.032337,0.013826,0,0.030451,0,0.056244,0,0.0057754,0,0,0.031875,0,0.011738,0.028929,0.022461,0.041302,0,0.030734,0.028109,0.023376,0.048119,0.024771,0.051644,0,0,0.0089133,0.048549,0,0.0060293,0.026375,0.040785,0.029854,0,0.042388,0.021745,0.011314,0.02433,0,0.033412,0.045234,0,0.035168,0,0,0.014114,0.020728,0.0010198,0.053007,0.054379,0
0.0050779,0,0.01053,0,0.043271,0,0.0095999,0.011564,0.043902,0.030881,0,0.028166,0.042114,0.0048635,0.0031217,0.026489,0.012678,0.035639,0.018178,0.065141,0.0036165,0.003109,0,0.03414,0,0.010175,0.038528,0.036757,0.031122,0,0.035996,0.03059,0.023613,0.021488,0,0,0,0.029958,0,0.011998,0,0,0.039702,0.019894,0.025493,0.061799,0,0.01115,0,0.034324,0,0,0,0.021128,0.01722,0.022845,0,0.010704,0.0023188,0.027943,0.025454,0,0,0,0,0.017153,0.058014,0.018678,0.01108,0.028217,0,0.05534,0,0.037569,0.01601,0.027934,0.066805,0,0.034618,0.060703,0.0075961,0,0,0,0.013853,0.033054,0.028842,0,0.030341,0.031682,0.00033554,0,0.01165,0,0,0.014963,0.0076987,0.023949,0.029524,0.0038166,0.0076054,0.027809,0.02084,0,0.015895,0.020134,0.003376,0,0.031728,0,0.02559,0.0079193,0.044948,0,0.032578,0.013644,0.026569,0.0035822,0.025968,0.010548,0.028008,0,0.053571,0.038962,0.0022362,0.011943,0.018126,0.024667,0.033222,0.051294,0,0,0.042685,0,0,0.0074216,0.059236,0.023877,0.031713,0,0.067433,0,0.0073536,0,0.017731,0,0,0.021513,0.05869,0.031964,0.029641,0.028211,0.061006,0.017686,0.026382,0,0.043687,0,0.031329,0,0.024681,0.022406,0.014352,0.023361,0.034144,0.013636,0,0.015758,0,0.010055,0,0.0086851,0.045532,0,0.030122,0.022119,0.0027239,0,0.046973,0,0.032097,0.01152,0.0080599,0,0.032752,0.019937,0,0.027318,0.0058109,0.012849,0,0.033663,0.029749,0.0038969,0.025447,0.0055627,0,0,0.029747,0.02555
0,0.002552,0.01666,0,0.0058678,0.014306,0.0039632,0,0.050776,0.021236,0.04691,0.011989,0,0.034598,0.01549,0,0.0097285,0.020968,0.023812,0,0.001169,0.031899,0.034576,0,0.033995,0.01926,0.0025667,0,0.0073037,0,0.047461,0.019617,0.023156,0.049428,0.022283,0.033678,0.017136,0.020131,0,0.012934,0.052485,0.040203,0.029632,0.028656,0.026046,0.010388,0,0.020378,0,0.028655,0.013271,0.0068737,0.040365,0,0,0.028889,0,0,0.02885,0.019467,0,0,0.066648,0.020086,0,0,0,0.035137,0,0.0037224,0.029917,0.021818,0.015987,0.037083,0.025423,0,0,0,0.022579,0.041732,0,0,0.012719,0,0.019849,0.016772,0.040829,0.038456,0,0.0037406,0,0.0081347,0.016674,0.043448,0,0,0.015155,0,0,0.021787,0,0.0011224,0,0.0093847,0.021596,0.010952,0,0,0.048409,0.042566,0,0.023081,0.020931,0,0,0.04826,0.023692,0.026586,0.0067283,0.037306,0,0.029136,0.0029618,0,0.0056544,0,0.013155,0,0.042223,0,0,0.057492,0,0.024181,0.0065563,0,0,0.012892,0.035086,0,0.02098,0,0,0.01929,0.020844,0.023774,0,0,0,0.02996,0,0.0029648,0.043385,0.043053,0.00022277,0.012623,0.034659,0.05639,0,0.045614,0.02145,0.05073,0.045031,0.029858,0.046847,0.015158,0.034238,0,0.044571,0.0055122,0.039662,0.028524,0,0.015779,0.021894,0,0.029035,0,0.0088418,0.027524,0.035589,0.018575,0,0.0052261,0.00076706,0.050339,0.027468,0.021558,0.011345,0,0,0,0.0018218,0.04957,0.0054825,0,0.016639,0.0080662,0.060644,0
0.030618,0,0,0.022199,0.01022,0.03323,0.039494,0.0045042,0.030912,0,0.032294,0.032425,0,0.047185,0.06039,0,0,0.017069,0,0.015003,0.00013793,0.015849,0.033741,0.012074,0,0,0.0068565,0.050938,0.017281,0.0076177,0,0.0093183,0,0,0.023139,0.025108,0.032847,0,0.043391,0,0,0.016493,0.030032,0.010463,0,0.015791,0,0,0.033786,0,0.01948,0.0050399,0.019582,0.01639,0,0.0065502,0,0.029327,0.018762,0.036243,0.026863,0.04549,0.0035975,0,0.035292,0,0.0095284,0.0033413,0.00086344,0,0,0,0.017369,0.038095,0.022716,0,0,0.045786,0.043894,0.042846,0,0.032819,0.02175,0.04552,0.015173,0,0.037124,0,0.026439,0,0,0.043197,0.011234,0.0010026,0.003753,0,0.0083188,0,0.011893,0,0.012378,0,0.039935,0.036599,0.0044916,0.01631,0,0.031742,0.015784,0.0011011,0.033315,0,0.048907,0.018594,0,0.022053,0.030932,0.028812,0,0.033591,0,0.041561,0,0,0,0,0.027004,0,0.026435,0,0.003935,0,0.013641,0,0,0.029075,0.050092,0.033251,0.021862,0.0235,0.02893,0.0046279,0,0.011851,0.019039,0.0052993,0,0,0,0,0,0,0,0.0025463,0,0.0022508,0.017592,0.0092471,0,0,0.018613,0.044055,0.029586,0,0.014605,0.047452,0.073132,0.04094,0.027835,0.02882,0.010232,0,0,0.011276,0.047208,0.030562,0.02181,0.024853,0,0.045092,0.0075825,0.018611,0,0.035245,0,0.023275,0.029147,0.01904,0.029062,0.038271,0,0,0,0,0,0,0.011661,0,0,0.020125
0,0,0.031893,0.029895,0.018445,0.016183,0.0056646,0.041926,0.020083,0,0.0071049,0,0,0.0077009,0.02293,0.0026183,0.013556,0.025301,0.038141,0,0,0.011892,0,0,0.031491,0.0061687,0.0025081,0.015776,0.037301,0,0.036917,0.041055,0,0,0.058352,0.019147,0.0081577,0.012529,0.027119,0.04143,0.00059521,0,0.016992,0.011418,0.015242,0.034633,0,0.020946,0.046722,0,0.023389,0.003469,0.025438,0.016558,0.027789,0,0.016444,0.017114,0.030121,0.040984,0.028093,0,0,0.041666,0.022752,0,0.054847,7.9111e-05,0.012461,0.042831,0.047783,0,0.023913,0,0.042148,0,0.048367,0.032236,0,0,0.044073,0,0,0.028173,0.0061816,0.031191,0.0034866,0,0.0093921,0,0.0088792,0,0,0,0.050243,0,0.026854,0.049032,0.019152,0,0.024408,0.028861,0.022349,0.053889,0.02931,0.0047674,0,0,0.022779,0,0.024692,0,0,0.045335,0.02789,0.057564,0.02586,0,0.040132,0.015587,0.016886,0.018058,0,0.049651,0.030078,0.049398,0,0,0.0052334,0.036419,0,0.0045589,0.024198,0.045586,0.016831,0.05411,0,0.041243,0.020786,0.02403,0.055742,0.029786,0.021532,0.014318,0.040593,0.0026848,0.0024445,0.045024,0.0025866,0.051171,0.015653,0,0,0.01705,0.024691,0,0.035262,0,0,0,0.034607,0.0058561,0.04612,0.0233,0.034088,0,0.0087102,0.036836,0.037407,0,0.047088,0,0.032194,0,0.052246,0,0.0033909,0.023288,0.0047487,0.056243,0.015391,0.016248,0,0.0048156,0.039291,0.010162,0.0060172,0,0,0.020782,0.013756,0,0,0.028425,0.008702,0,0.03398,0.031118,0,0.034467
0.013343,0,0.019488,0,0.0085948,0.0070618,0,0.004076,0.048019,0,0,0.0084961,0.051783,0.043311,0,0.027171,0.032219,0.040291,0,0.0055291,0.057275,0.015928,0.020931,0.047796,0.0020891,0.0099507,0.0041905,0.046957,0,0.048083,0.043571,0,0.015729,0.012603,0.015617,0.014675,0.017008,0.023472,0.024508,0,0.053004,0,0.034554,0.044587,0.030559,0.00051541,0.043498,0.016325,0.016432,0.012062,0,0.016164,0,0.020934,0,0,0.046739,0.024751,0.025472,0.019384,0.034348,0.034223,0,0,0.045148,0,0.036079,0.027547,0,0,0,0,0.017507,0.028879,0.019021,0,0.0031001,0.046516,0.026689,0,0.017583,0.017334,0.018919,0.025268,0.040202,0.02465,0.023525,0.042896,0,0,0.040142,0.021993,0,0.035141,0,0.016423,0.034479,0.020003,0.021049,0,0.037369,0,0.0097769,0,0.019995,0.01711,0.016293,0.012032,0.028711,0,0,0.050908,0.02034,0.027937,0.029057,0.034094,0.029399,0.0095786,0.031816,0.031042,0.035999,0,0.022337,0,0.005666,0,0.052494,0,0.055544,0.019842,0.018895,0.041855,0.029456,0.0079671,0.036406,0.042001,0,0.054507,0,0,0,0.032619,0.00022423,0.017503,0,0.025421,0,0.032386,0,0.041052,0,0.038829,0,0.053238,0,0,0.035472,0.02941,0,0.052396,0,0.050427,0.021597,0.006073,0,0,0,0,0,0.015582,0,0.013361,0,0.033599,0,0.046512,0.039231,0.016473,0.0034217,0.014553,0.05138,0.0072284,0.0077545,0.0056331,0.010679,0.014218,0.029373,0.0069592,0,0,0,0,0.054045,0.018817,0.025958,0.035204,0.041584,0.0075722,0,0
0.0046908,0.018094,0.018624,0.032725,0.051225,0.0098803,0.024844,0.041221,0.018624,0.034106,0.0080494,0,0,0.031137,0.031146,0.051221,0.025647,0.014517,0.042408,0,0.028348,0.035177,0.046415,0.050358,0.0069985,0.033479,0,0.045156,0,0,0.011947,0.022759,0,0.053744,0.016782,0,0.028493,0.025907,0.019295,0,0,0.020647,0.045245,0,0,0.0052871,0.01805,0,0.052366,0.030741,0.025191,0.029479,0.021041,0.015256,0,0.01687,0.033129,0.011573,0,0.052968,0.029707,0.035421,0.018953,0.010208,0,0.04832,0.038606,0,0.0036074,0.027082,0,0.0016347,0,0,0.029458,0.0019417,0.021402,0.0005041,0,0,0.014434,0.0013431,0.013418,0,0,0.031877,0.049023,0.052632,0.024077,0,0.020778,0,0.054447,0.018694,0.0065855,0.02792,0.021354,0.027935,0.034993,0.067326,0.037271,0.010081,0.026284,0,0.039626,0.011845,0,0.049122,0,0.021033,0.056226,0,0,0,0.014231,0,0.0069484,0.043266,0.0018103,0,0,0.017866,0.029566,0.033879,0.020881,0,0.0023526,0,0.017639,0,0,0,0.038966,0.046969,0,0.049472,0,0.0017781,0.057612,0.023131,0,0.021244,0.019978,0,0,0.014937,0.050409,0.023882,0.022162,0,0,0,0.01421,0.0034308,0.028335,0.03361,0.033734,0.021384,0.017108,0.050395,0.024335,0.031369,0,0.020432,0.0092319,0.015306,0.029263,0.010839,0.0074101,0.037504,0,0,0.057966,0.014956,0.027219,0.038616,0,0.041448,0.0088079,0.051977,0,0.027648,0.055004,0,0.019264,0.014083,0.0060787,0,0.0078105,0,0,0.0014438,0.046251,0.02018,0,0.0037199,0.051884,0.043437,0.012442,0.041916
0.046871,0,0.0042756,0.0083463,0.025797,0.020732,0,0,0.045211,0,0,0.034335,0,0.025511,0,0.026512,0.021979,0.029272,0,0.048951,0,0.016741,0.0029178,0.00020699,0.022401,0.027937,0,0.013537,0,0.041753,0.019614,0.026945,0.018406,0,0.0021313,0.044343,0.042604,0.0033547,0.022059,0.024679,0.045973,0,0.027426,0.0020335,0,0.042583,0.017929,0.038616,0,0.032722,0.028932,0,0.018688,0,0.025327,0.020115,0.019028,0,0.026056,0,0.032841,0.026114,0.012384,0,0.011784,0.010179,0.044076,0.00054328,0,0,0,0,0,0.020099,0.022439,0.022861,0.047599,0.0092795,0.0089477,0,0.031737,0,0,0,0.03916,0,0.0045526,0,0,0,0,0.031701,0.041617,0,0.0024972,0,0,0.011703,0.02422,0.0072625,0.055142,0.053512,0,0.012439,0.02655,0.039615,0,0.041321,0,0.010925,0,0,0,0.020329,0.028636,0.024341,0.027749,0.032625,0,0.027553,0.015931,0.019339,0.031423,0,0,0.027079,0.048968,0.010601,0,0.0095097,0,0.0005723,0,0,0.040916,0.0030349,0,0.020345,0.047921,0,0,0.02556,0.036267,0.031724,0.055856,0,0.0039678,0.0098842,0,0.014201,0,0.0053574,0,0.00055213,0.039249,0.021237,0,0.044124,0.034104,0.023258,0.004298,0,0.040919,0.032287,0.027651,0.053505,0.046058,0.022475,0.004053,0.012201,0,0,0,0,0.048842,0.042414,0,0.0092546,0.029197,0,0,0,0.015542,0,0.026362,0.017965,0.048521,0.053806,0.0074529,0.0087488,0,0,0.019818,0,0.0097251,0,0.005276,0,0.023857,0.046803
0.038907,0,0,0.029448,0.042426,0.016697,0.027412,0.021913,0,0,0.042919,0,0.0075303,0.023,0,0.0042151,0,0.0013147,0.034917,0.022721,0.043593,0,0.036322,0.02958,0.043301,0,0,0.041653,0.044312,0.067128,0.0079511,0.037996,0.014226,0.012132,0.027436,0,0.024785,0.040198,0.021138,0.0093505,0.030439,0.031222,0.023271,0.021007,0,0.0088639,0.032212,0.016563,0,0.039503,0.044425,0,0,0.011584,0.0017773,0.019975,0,0.0032635,0.0072486,0.050567,0.034944,0,0.041828,0,0.0036769,0.029812,0,0.026587,0,0,0.016546,0.030195,0,0,0,0.024768,0,0.013149,0.054498,0,0,0,0.02705,0,0.030326,0.012323,0.0010347,0,0.039094,0,0.038763,0.02748,0,0,0,0,0.013537,0,0.0076571,0,0.038488,0.033843,0.034728,0.047866,0.01026,0,0.0095775,0,0.011565,0,0,0.015442,0.040692,0.012224,0.0010947,0.007853,0.012891,0,0,0,0.021877,0.014015,0,0.013065,0.029093,0.04648,0.0128,0.020531,0,0.0022444,0,0.056137,0.0085555,0.038273,0.033585,0.0078474,0.027647,0,0.022146,0.002658,0.035797,0.034592,0.01564,0.053424,0.0065355,0.032365,0.043005,0.013959,0.0077076,0.040995,0,0.050185,0.019929,0,0.03272,0.040822,0.0015622,0.035673,0.0035677,0.030682,0.0052631,0,0.010328,0.0066633,0,0.050381,0.041526,0.019819,0.01974,0.043366,0.039066,0,0.027999,0.057749,0.038555,0.015647,0.029111,0,0.057582,0.017722,0.012114,0.0263,0.028976,0.042349,0,0.023863,0,0,0.049033,0,0,0.0079848,0,0,0.013417,0.016544,0,0,0.04126,0.021419
0,0.040045,0.050411,0.01883,0.022402,0.0067532,0.038809,0,0.030162,0,0.053521,0,0,0.036142,0,0.04338,0.042521,0.028672,0.050939,0,0,0.032457,0.014155,0.047863,0.025465,0.028234,0,0.021376,0,0,0.050154,0.024893,0.015255,0.034695,0.050409,0.030361,0,0,0.030623,0.017916,0.062031,0,0.0168,0.040192,0,0.022791,0,0.041065,0.050545,0.022426,0,0.062599,0,0.04033,0.016895,0.0044571,0.038961,0.030307,0,0.035799,0.038366,0,0.0082855,0.053488,0.051792,0.036373,0.017426,0.0093996,0,0.026118,0.046483,0.038919,0.030637,0,0,0,0.035438,0,0.017483,0.010213,0.041608,0.012823,0,0,0,0,0,0.038618,0,0.0095285,0,0,0.025509,0.029572,0,0.047181,0.03545,0.018948,0.025952,0,0,0,0.011004,0,0.018962,0.056132,0,0.010365,0.018428,0.050513,0,0.022676,0,0.034215,0,0,0.023374,0,0.039192,0.020112,0,0.046779,0.027841,0.0052123,0,0.042131,0,0,0,0.0020915,0.052855,0,0.048521,0,0.0073748,0.020809,0.021247,0.02363,0.034241,0.039132,0.03723,0.035213,0.012765,0,0.020455,0,0.073444,0.024484,0.020417,0,0,0.020633,0.054869,0.03509,0.004276,0.033899,0.0054997,0,0.014368,0.012646,0.020791,0.0032307,0.012774,0.043716,0.015072,0.0070175,0,0.0090654,0.023096,0,0.0070082,0.039707,0.028456,0.0026534,0.036745,0.022664,0.053314,0,0.013381,0,0.0018805,0.038213,0,0.0085428,0.035644,0.0050833,0.028192,0.040091,0,0,0.025818,0.02323,0.026445,0,0,0.048973,0.012161,0.05384,0,0.010616
0.030206,0.048451,0.026271,0.019893,0.025565,0.026959,0.051426,0.041049,0,0.037159,0,0,0,0,0,0,0.028104,0.0058011,0,0.010617,0.0055936,0,0.026148,0,0.029672,0,0.0030141,0.0082691,0.057878,0,0.0038788,0.027598,0.035867,0.0021395,0.020051,0,0.037213,0.033205,0.036499,0,0,0.043995,0.004234,0.00033147,0.025054,0,0,0,0,0,0,0.049182,0.020045,0.028218,0.03946,0.0060918,0.0093553,0.0090484,0.031728,0.0039744,0.026727,0.012399,0,0.037032,0.0050664,0.0075034,0,0.00053283,0.03481,0.0078495,0.020712,0.028456,0.04749,0,0,0.029989,0,0.045472,0.02845,0,0,0.0062848,0.034722,0,0,0.033564,0.042321,0.026201,0.031639,0,0.063849,0.068886,0.034266,0.036995,0.027425,0.0144,0,0.050784,0.032499,0.034128,0.012301,0.044038,0,0.042659,0.043871,0.027522,0,0.015717,0.040441,0.022573,0.01717,0,0.0001052,0.0057616,0.035005,0.059737,0.03591,0.025431,0,0.015776,0,0.0028542,0,0.011843,0.039994,0.029327,0,0.025644,0.011995,0.023392,0.012401,0.035265,0.03412,0,0.0036775,0.07068,0,0.013631,0.038207,0.0054152,0,0.013831,0.029092,0.045076,0,0,0.015029,0,0.031832,0.0028758,0.0026663,0.043119,0,0,0,0,0,0.020304,0.010191,0,0,0.037219,0,0.016674,0,0.037102,0,0.016597,0.026544,0.0079661,0.024248,0,0.036222,0.030085,0.0081768,0,0,0.036812,0.027578,0,0.029951,0.025158,0.012903,0.043336,0.013322,0,0.037669,0.031586,0.041014,0.00099944,0.016621,0,0.030675,0,0.0033918,0.011581,0.017944,0,0.043367,0
0.0184,0,0,0.015062,0.058491,0,0.041983,0.0020823,0.013651,0,0,0.030114,0.0048372,0.00088136,0,0.02686,0,0.028296,0,0.037941,0.0024662,0.020939,0.012729,0.040715,0.02201,0.034546,0,0,0.0043147,0,0.03652,0.035088,0.00082867,0.026033,0,0,0.012546,0.018638,0.03209,0.018309,0.028653,0.031625,0.025486,0.031099,0.062648,0.060633,0.0088117,0.022639,0.052386,0.039898,0.033666,0,0,0.0012001,0,0.010726,0.00029148,0,0,0.041044,0.024708,0,0.032491,0,0.02133,0,0.030311,0,0,0.042956,0,0.0095412,0.028448,0,0.027335,0.0089921,0.045824,0,0,0.018767,0.0014976,0,0.023464,0,0.0022305,0.0057549,0.017689,0.030074,0.0085318,0.00072956,0.027007,0,0.0095789,0,0.016552,0.031045,0.026417,0,0.042978,0.034713,0.011839,0,0.048883,0,0,0,0.019115,0.0071833,0,0,0.014212,0,0.014495,0.0055326,0.013294,0.0013958,0.056055,0.029945,0,0.0078615,0.016966,0,0.014208,0.048946,0.026532,0.05091,0,0,0,0,0,0.024214,0.0038301,0,0.029047,0.046943,0.027654,0,0.023444,0,0,0,0.0010235,0.0014031,0.024339,0.0017954,0.0070434,0.048382,0,0.030812,0,0,0.027058,0,0.035941,0.013015,0.031627,0.015201,0.020823,0.020912,0,0.0447,0.012039,0.043313,0.0040804,0.031939,0.026548,0,0.0023703,0,0.044226,0,0.050407,0.011222,0.0071702,0.032231,0.015311,0.009545,0.0014343,0.053859,0.020812,0.044007,0.001144,0.015531,0.007238,0,0.0074349,0.025496,1.5532e-05,0.011207,0.043936,0,0.051037,0,0,0.027355,0,0,0,0.015831
0,0.0094414,0.027475,0.0079372,0,0.017833,0,0.0428,0,0,0.010632,0.020052,0.030454,0,0,0.0034204,0.002285,0,0.043691,0,0.038498,0.020289,0.011337,0.022095,0,0.014762,0.028552,0,0,0.033332,0.044113,0,0.022927,0.03501,0,0.0331,0,0.021703,0,0.0011734,0,0.0049352,0.018408,0.029965,0.062507,4.2305e-05,0,0.042431,0.0081206,0.018143,0.029497,0.037548,0.050251,0.023738,0,0.037093,0.010908,0,0,0,0.025894,0,0.014325,0.014036,0.013498,0.034592,0.053959,0.007435,0.0011047,0,0.053469,0,0.043396,0.045974,0.0007547,0.037687,0,0,0.032782,0.014848,0,0.051287,0,0.044524,0,0.013731,0.00798,0.0067574,0.030126,0,0.022025,0.02416,0,0.039884,0.019123,0.013337,0.033293,0,0.028878,0.0020909,0.021883,0.024119,0.035981,0.035522,0.033523,0.047574,0.049871,0.010735,0,0,0,0,0.026894,0.021843,0.02295,0.04579,0.0032581,0.0041726,0.038686,0,0.034034,0.030979,0,0,0,0.018426,0.033371,0.015434,0.007176,0.028127,0.033294,0,0.024017,0.055436,0,0.021152,0,0,0,0.0042619,0,0.045635,0,0.057315,0.023936,0,0.0076671,0.035376,0.053678,0,0.018889,0,0.012706,0,0.035552,0.038339,0.012386,0.028409,0,0.02564,0,0,0.0029231,0,0.023321,0,0.013695,0,0.042609,0.042992,0.030246,0.044047,0.021365,0.011799,0,0.040773,0.027242,0,0,0,9.9261e-05,0,0.0095792,0,0.031406,0,0.023961,0.032979,0,0,0.025322,0.033452,0.035418,0.035132,0,0.025611,0.008317,0.031149,0.050243,0
0.048157,0,0,0.01746,0,0.014836,0.032945,0,0.018389,0,0,0.033312,0,0.035327,0.048741,0,0.0040349,0.023192,0.022552,0.021019,0.02214,0,0.018287,0,0.019178,0.0053191,0,0,0,0,0.0067937,0,0,0.045181,0.020608,0.021987,0.0094642,0.011788,0,0.017223,0.021173,0,0,0.031428,0.028491,0,0,0,0,0,0.031886,0,0.025688,0.025539,0.018911,0.015376,0.035722,0.0089091,0.031169,0.02453,0.026281,0.03606,0.027965,0,0,0.0079056,0,0.031224,0,0.031596,0.035242,0.0016546,0.032892,0.0037772,0.015276,0.012409,0,0.030623,0,0.0079461,0.033758,0.0061836,0,0.044597,0.0082973,0.036013,0,0.010043,0.020307,0.0054339,0,0.047073,0.0039123,0,0.0069618,0.0055807,0.020728,0.012448,0.018013,0,0.042553,0,0,0.0099843,0.018005,0.056296,0.025309,0.029912,0.023907,0,0.0083981,0.052054,0.026831,0,0.0089041,0,0.018135,0,0.014165,0,0,0.032602,0.024231,0.033705,0.040927,0.015522,0.037296,0,0.038632,0.025064,0,0.033537,0.019771,0.0022406,0.0018596,0.005602,0.012967,0,0,0.039684,0,0.010977,0.026084,0.0050321,0.011113,0.015127,0.054808,0.04908,0,0.042682,0,0,0.0048515,0.0075158,0.04111,0.020079,0.044597,0,0.0075772,0.031666,0.013029,0.027867,0.020331,0.015521,0.030566,0.0094681,0,0.010503,0.030371,0,0,0.014913,0,0,0.0058294,0,0.044972,0,0.019983,0,0.035209,0.044408,0.037891,0.0022619,0.00044204,0.03567,0.038297,0.00098939,0.028674,0.023245,0.0040342,0,0.024004,0.026084,0,0,0,0.0010532,0,0.0068747
0,0.052319,0.025241,0.015697,0.021605,0.0036783,0.030682,0,0.03459,0,0.026774,0.010731,0.0043471,0.015197,0,0.048747,0.016868,0,0,0.061824,0,0,0.035065,0,0,0.026668,0.021102,0.014131,0.0027276,0,0.029425,0.012825,0,0.02632,0.017822,0.039388,0.035821,0,0.037485,0.00080611,0.031953,0,0,0,0.025447,0.038045,0.013555,0,0.037789,0.05505,0,0.014736,0.0018027,0.04079,0,0.028103,0.016061,0,0.028678,0.0016355,0.014071,0,0.038694,0,0.054183,0.02505,0,0.0051583,0,0.035221,0.008358,0.0072343,0,0.016461,0.005282,0,0,0.011524,0.031772,0.050934,0.018216,0.038658,0.021793,0,0.0081454,0.024241,0,0.029405,0.019228,0,0,0.058366,0.035411,0.028131,0,0.024771,0.021105,0.034112,0.040178,0,0,0.0060525,0.03916,0,0,0.013803,0.050462,0.007543,0,0.013146,0.01531,0.0012724,0,0.03392,0.03575,0.053784,0.015727,0.015323,0.027894,0.012345,0.014638,0,0.022756,0.0078563,0.031529,0,0.015802,0,0.042784,0.038385,0.022051,0,0.032125,0.011011,0.046825,0,0.0093521,0.0056523,0.0018335,0.018037,0.031765,0.02814,0.013719,0.0059171,0.0047444,0.03988,0.0037431,0.012706,0.037952,0,0,0.0066308,0.04039,0.040336,0.02502,0.043237,0.0008588,0,0,0.025769,0,0.036946,0.018197,0,0.0050111,0.033096,0.0027912,0,0,0.0070275,0,0,0.0083369,0,0.032946,0,0.016866,0,0.053591,0,0,0.045341,0.028153,0.019608,0,0.0026654,0,0.036164,0.0058816,0.040123,0.049639,0.017829,0,0.022109,0,0.062171,0,0.050448,0.035057,0
0.027502,0,0.032042,0,0.020827,0.00054602,0.058358,0,0.019485,0,0,0,0.033288,0,0.010122,0.011868,0,0.018937,0.0037774,0.00081312,0.024721,0,0.020537,0.020779,0.037726,0.010881,0,0.031067,0.0034719,0,0.03062,0.043485,0.031584,0,0,0,0,0.0043983,0.0027755,0.04497,0,0,0.010936,0,0.017179,0,0,0.030632,0.042409,0,0.039495,0.05008,0.002308,0.028101,0.0096416,0,0.048753,0,0.016262,0.025295,0.023804,0,0.021024,0.02771,0.020801,0.039999,0.0008832,0.039355,0.0086651,0.0034328,0,0.0068492,0.030418,0,0.02687,0.02488,0.057865,0.011826,0.018543,0,0.02687,0,0.015782,0.021367,0.007648,0,0.022168,0,0.0007064,0.010048,0,0.014709,0,0.015283,0.015064,0.024003,0,0.042729,0.0064447,0.014982,0,0.040697,0,0.038602,0,0.04179,0,0.0038316,0.023706,0.015351,0.0051216,0.017671,0.0072358,0.025138,0,0,0.048231,0.039884,0,0.016728,0,0,0,0.015615,0,0.0059652,0.041433,0,0.047839,0.0036101,0,0,0,0,0.008224,0,0.024643,0.013985,0,0.0055769,0,0,0.017342,0,0.0057823,0,0,0.019435,0.027295,0,0.038602,0.036953,0,0.040861,0.032421,0.018338,0,0.0084041,0.014181,0.0049595,0,0.040833,0,0.037346,0.013554,0,0.0058105,0.015937,0,0,0.046481,0.059767,0,0,0.052714,0,0,0.044889,0.0034729,0.053064,0,0,0.029519,0.055407,0.029189,0.025304,0,0,0,0,0.042595,0.016281,0,0,0.01372,0,0.013691,0.033074,0.023538,0.035381
0,0.01611,0.015906,0.034921,0,0.040239,0,0.0090713,0,0,0.038794,0,0.028869,0.034758,0,0.010399,0,0.0097725,0,0.060322,0,0.038757,0.049063,0,0.035409,0.014307,0,0.033063,0.037949,0.0056384,0,0.014633,0.019634,0.031868,0,0.029924,0,0.032867,0.022637,0.051147,0.051562,0,0,0,0.04027,0.012147,0.037032,0.04317,0.0054825,0,0.032061,0.054713,0,0.019357,0.034148,0.011262,0.050335,0.042736,0,0.013477,0.025291,0.010878,0.04397,0.0079425,0,0.01178,0.060631,0.027169,0.04779,0.0040246,0,0.0092866,0.054999,0.03744,0.0091358,0,0,0.030692,0.047816,0,0.01382,0.05542,0.031179,0,0.04516,0.018683,0.038755,0.064072,0.0095542,0.017636,0.021697,0.029329,0,0.021473,0.06434,0.06105,0,0.046541,0.025617,0.0063297,0.017507,0.049665,0.0052486,0.014877,0.014298,0.024267,0.045103,0.013047,0.023332,0,0.018587,0.010888,0.038806,0.0058206,0.022176,0.012385,0.031725,0.02161,0.046177,0.04191,0.027058,0,0.027237,0.029537,0.011365,0.0072793,0,0.054519,0.052332,0.03376,0,0,0.030791,0.049548,0.014618,0.0075054,0.028878,0.017321,0,0.028245,0,0.021246,0.0025766,0.042328,0.0078233,0.0055385,0.0050229,0,0,0,0,0.0097338,0.00055495,0,0.019484,0,0.013432,0.019016,0.022082,0.0060454,0.042924,0,0,0.010258,0.031292,0.047383,0.026928,0.043325,0.011571,0.047087,0,0,0.016461,0.034023,0.0036598,0.0040437,0,0.0187,0,0,0.041656,0.0019581,0.034514,0,0,0.019214,0.033732,0.013005,0,0,0.00294,0.061739,0.010367,0.012911,0,0,0.024636,0.047918,0.018745,0.015408
0.01465,0.024068,0,0.0064793,0.01587,0,0,0.054032,0,0.026826,0.01823,0.044862,0,0.036667,0.046335,0.0093435,0,0.010971,0.024949,0,0,0,0.00081301,0.050342,0.02263,0.037737,0,0.0020662,0.013252,0,0,0,0.028695,0.048345,0,0.027183,0,0.016527,0.0026722,0,0.034317,0.002968,0.0063287,0.028581,0.043594,0.065156,0,0,0.051489,0,0,0,0,0.024775,0.031837,0.031312,0.002883,0,0.033271,0,0.016589,0,0.051161,0.03096,0.052694,0,0,0,0.011309,0.026959,0.011742,0.015418,0.04428,0.017389,0.036156,0.010157,0.0042102,0.025635,0,0.043007,0,0.014535,0.026524,0,0.02892,0,0.017236,0,0.021315,0.060965,0.05797,0.033289,0.026662,0.026862,0,0.030049,0,0,0.024605,0.030064,0.01245,0.025091,0.035912,0.053812,0.024043,0.042143,0.032295,0.035339,0,0.021467,0.026104,0.038156,0.0033337,0.00693,0.021069,0.049796,0.029389,0.011823,0.04106,0.018037,0.031635,0.0072921,0,0.04713,0.026128,0.020178,0.045798,0.028304,0.013443,0.0039266,0.035823,0.037058,0.0054144,0,0.00151,0,0.037312,0,0.042111,0.011796,0,0.023952,0,0.035161,0.024654,0,0.026509,0.035711,0,0.00051471,0.026044,0,0.021313,0.022275,0.049366,0,0,0,0,0.0052244,0,0.0040557,0,0.019585,0.0056511,0,0.03211,0.017339,0,0.048201,0,0.029092,0,0,0,0.040557,0.069112,0.04505,0,0.0027279,0.0012093,0.018485,0,0.032792,0.0071915,0,0,0,0.012096,0.037668,0.0093956,0,0,0.0091411,0.049016,0.029057,0.02055,0.0030505,0.010636,0.017046
0,0,0.026482,0,0.0043369,0,0.0028615,0.011737,0.02713,0.022481,0,0,0,0,0.037354,0.027473,0.048172,0,0,0,0.0095802,0,0,0,0.029446,0.033095,0.05435,0.048387,0.044067,0,0,0.043343,0.024698,0.031814,0.024538,0,0.034286,0.031865,0.038574,0.039767,0.0038441,0.038165,0,0,0.039779,0.022187,0.023528,0,0.0012155,0,0,0.061747,0,0,0.044377,0.029197,0,0.032602,0.018412,0.026464,0,0,0,0.04861,0.015149,0.015472,0.043061,0.024549,0.020252,0.013392,0.037989,0.045786,0,0.024118,0.0099157,0.037144,0,0.047638,0.0033004,0,0.026312,0.023754,0.025089,0.024439,0,0.015913,0.037178,0.024154,0,0.013278,0.014256,0.037359,0.030014,0,0.012858,0,0.022052,0.038687,0,0.010565,0.036433,0,0,0.037107,0,0,0.056882,0.034319,0.04043,0.05324,0,0.049104,0.00034702,0.019788,0.0070938,0.047967,0.00020189,0,0.032071,0.00036699,0.030648,0.024554,0.021042,0.011024,0.011236,0.016271,0,0,0.011052,0.015779,0,0,0.030405,0.014072,0,0,0.021032,0.045768,0,0.0081509,0.048202,0.020552,0.022457,0.047962,0,0.023796,0,0.019095,0,0,0.012648,0,0.025546,0,0.01247,0,0,0,0.023422,0,0.00016415,0.032405,0.0098288,0.053362,0.0099815,0.041017,0,0.0043293,0,0,0,0.02146,0,0,0.00028509,0.0036116,0.0017262,0.026604,0.042304,0.034517,0.0055987,0.049339,0.017007,0.04986,0.0041343,0,0.00025364,0.018711,0,0.041266,0.055693,0,0.03289,0.033782,0.022149,0.038914,0.017223,0.036142,0.021004,0
0.013205,0.047199,0.01457,0.030378,0,0.025478,0.06494,0.041689,0.010258,0,0.035033,0,0.036779,0.043193,0,0.011915,0.046214,0.037218,0.027735,0.00093424,0,0.0043847,0.039354,0.0063483,0.030166,0,0.030435,0.024433,0,0,0,0,0.039404,0.0061465,0.046559,0,0.017403,0.018604,0.035345,0.036855,0,0.013123,0,0.0086713,0,0.037177,0,0.0052694,0.0084749,0,0.006512,0.04267,0,0,0.037437,0,0.030992,0.0059696,0.015232,0.00074732,0.015302,0,0,0.045439,0.014226,0.0032508,0,0.020255,0.049028,0.01755,0.045245,0,0.049956,0,0.023682,0.047222,0.005917,0,0.036499,0.0031765,0.019873,0,0,0.043628,0.041273,0.033253,0.0081581,0,0.024612,0,0,0.036962,0,0.020522,0.021961,0,0,0.021761,0.039425,0.025767,0.041103,0,0,0,0.022179,0.03055,0.015673,0,0.016339,0,0.024283,0,0.017652,0,0,0.014924,0.0042414,0.048415,0,0,0,0,0.0042571,0,0,0,0.027934,0,0.030639,0.0083374,0.030558,0,0.0044546,0,0,0,0.0069262,0,0.015801,0.044433,0.049495,0.034162,0.030018,0,0.036275,0.020391,0.011506,0,0.024871,0,0.040432,0,0.0019579,0,0.03896,0,0,0,0,0,0.0016497,0,0.012003,0,0.022075,0.017451,0.031434,0.040411,0.04544,0,0.0071638,0.029509,0.043093,0,0.012275,0,0,0.033589,0.031256,0.020744,0.023194,0.0073543,0,0.022475,0.0049188,0.031958,0.0038579,0,0.034452,0,0.043062,0,0,0.014412,0,0.016646,0.018335,0.0065268,0,0
